"№","Област","Община","Нас. място","Код","Училище","Код на паралелката","Име","Тип","Профил/специалност","Балообразуване","Код на професията","Наименование на професията","Код на специалност от професия","Степен на професионална квалификация","Защитена професия","Професия с очакван недостиг","Форма на обучение","Срок на обучение","Брой паралелки","Общо основание","Мъже","Жени","Чужд език","Начин на изучаване"
"1","ПЛОВДИВ","АСЕНОВГРАД","ГР.АСЕНОВГРАД","1600617","Професионална гимназия по Хранително-вкусови технологии ""Св. Димитрий Солунски"", ГР.АСЕНОВГРАД","2601","Производство на кулинарни изделия и напитки, АЕ","професионална","Производство на кулинарни изделия и напитки","(3 * БЕЛ + 1 * МАТ) + (1 * ИИ + 1 * ТП)","811070","Готвач","8110701","Втора степен","Не","Да","дневна","5 години","1","26","0","0","Английски език","без инт. и без разширено"
"2","ПЛОВДИВ","АСЕНОВГРАД","ГР.АСЕНОВГРАД","1600617","Професионална гимназия по Хранително-вкусови технологии ""Св. Димитрий Солунски"", ГР.АСЕНОВГРАД","2605","Кетъринг,  АЕ","професионална","Кетъринг","(3 * БЕЛ + 1 * МАТ) + (1 * ИИ + 1 * ТП)","811060","Ресторантьор","8110603","Трета степен","Не","Не","дневна","5 години","1","26","0","0","Английски език","без инт. и без разширено"
"3","ПЛОВДИВ","АСЕНОВГРАД","ГР.АСЕНОВГРАД","1600128","Професионална гимназия  "" Свети Патриарх Евтимий "", ГР.АСЕНОВГРАД","5031","Фризьорство","професионална","Фризьорство","(3 * БЕЛ + 1 * МАТ) + (1 * БЕЛ + 1 * ИИ)","815010","Фризьор","8150101","Втора степен","Не","Не","дневна","5 години","1","26","0","0","Английски език","разширено"
"4","ПЛОВДИВ","АСЕНОВГРАД","ГР.АСЕНОВГРАД","1600128","Професионална гимназия  "" Свети Патриарх Евтимий "", ГР.АСЕНОВГРАД","5039","Оператор в шевното производство","професионална","Производство на облекло от текстил","(3 * БЕЛ + 1 * МАТ) + (1 * БЕЛ + 1 * ИИ)","542050","Оператор в производството на облекло","5420501","Втора степен","Не","Да","дневна","5 години","1","26","0","0","Английски език","без инт. и без разширено"
"5","ПЛОВДИВ","АСЕНОВГРАД","ГР.АСЕНОВГРАД","1600618","Професионална гимназия ""Цар Иван Асен II"", ГР.АСЕНОВГРАД","2190","Компютърна техника и технологии  АЕ","професионална","Компютърна техника и технологии","(2 * БЕЛ + 2 * МАТ) + (1 * БЕЛ + 1 * КМИТ)","523050","Техник на компютърни системи","5230501","Трета степен","Не","Не","дневна","5 години","1","26","0","0","Английски език","разширено"
"6","ПЛОВДИВ","АСЕНОВГРАД","ГР.АСЕНОВГРАД","1600618","Професионална гимназия ""Цар Иван Асен II"", ГР.АСЕНОВГРАД","2214","Електрообзавеждане на производството АЕ","професионална","Електрообзавеждане на производството","(2 * БЕЛ + 2 * МАТ) + (1 * БЕЛ + 1 * КМИТ)","522010","Електротехник","5220103","Трета степен","Не","Не","дуална","5 години","0.5","13","0","0","Английски език","разширено"
"7","ПЛОВДИВ","АСЕНОВГРАД","ГР.АСЕНОВГРАД","1600618","Професионална гимназия ""Цар Иван Асен II"", ГР.АСЕНОВГРАД","2218","Електрически инсталации АЕ","професионална","Електрически инсталации","(2 * БЕЛ + 2 * МАТ) + (1 * БЕЛ + 1 * КМИТ)","522010","Електротехник","5220109","Трета степен","Не","Не","дневна","5 години","0.5","13","0","0","Английски език","разширено"
"8","ПЛОВДИВ","АСЕНОВГРАД","ГР.АСЕНОВГРАД","1600618","Професионална гимназия ""Цар Иван Асен II"", ГР.АСЕНОВГРАД","2220","Мехатроника АЕ","професионална","Мехатроника","(2 * БЕЛ + 2 * МАТ) + (1 * БЕЛ + 1 * КМИТ)","521140","Мехатроника","5211401","Трета степен","Не","Не","дуална","5 години","0.5","13","0","0","Английски език","разширено"
"9","ПЛОВДИВ","АСЕНОВГРАД","ГР.АСЕНОВГРАД","1600618","Професионална гимназия ""Цар Иван Асен II"", ГР.АСЕНОВГРАД","2224","Металургия на цветните метали АЕ","професионална","Металургия на цветните метали","(2 * БЕЛ + 2 * МАТ) + (1 * БЕЛ + 1 * КМИТ)","521070","Техник - металург","5210702","Трета степен","Да","Не","дневна","5 години","1","26","0","0","Английски език","разширено"
"10","ПЛОВДИВ","АСЕНОВГРАД","ГР.АСЕНОВГРАД","1600618","Професионална гимназия ""Цар Иван Асен II"", ГР.АСЕНОВГРАД","2226","Електронна търговия АЕ","професионална","Електронна търговия","(2 * БЕЛ + 2 * МАТ) + (1 * БЕЛ + 1 * КМИТ)","482040","Организатор Интернет приложения","4820401","Трета степен","Не","Не","дневна","5 години","0.5","13","0","0","Английски език","разширено"
"11","ПЛОВДИВ","АСЕНОВГРАД","ГР.АСЕНОВГРАД","1600114","Средно училище Свети княз Борис I, ГР.АСЕНОВГРАД","3511","Икономическо развитие","профилирана","Икономическо развитие","(3 * БЕЛ + 1 * МАТ) + (1 * ГИ + 1 * ЧЕз)","","","80101","","Не","Не","дневна","5 години","1","26","0","0","Английски език","интензивно"
"12","ПЛОВДИВ","АСЕНОВГРАД","ГР.АСЕНОВГРАД","1600114","Средно училище Свети княз Борис I, ГР.АСЕНОВГРАД","3512","Природни науки","профилирана","Природни науки","(3 * БЕЛ + 1 * МАТ) + (1 * БЗО + 1 * ЧЕз)","","","80131","","Не","Не","дневна","5 години","2","52","0","0","Английски език","интензивно"
"13","ПЛОВДИВ","АСЕНОВГРАД","ГР.АСЕНОВГРАД","1600116","Средно училище  ""Свети свети Кирил и Методий"", ГР.АСЕНОВГРАД","1154","Предприемачески AE","профилирана","Предприемачески","(2 * БЕЛ + 2 * МАТ) + (1 * БЕЛ + 1 * КМИТ)","","","80171","","Не","Не","дневна","5 години","1","26","0","0","Английски език","интензивно"
"14","ПЛОВДИВ","АСЕНОВГРАД","ГР.АСЕНОВГРАД","1600116","Средно училище  ""Свети свети Кирил и Методий"", ГР.АСЕНОВГРАД","1157","Природни науки AE","профилирана","Природни науки","(2 * БЕЛ + 2 * МАТ) + (1 * БЗО + 1 * КМИТ)","","","80131","","Не","Не","дневна","5 години","1","26","0","0","Английски език","интензивно"
"15","ПЛОВДИВ","АСЕНОВГРАД","ГР.АСЕНОВГРАД","1600116","Средно училище  ""Свети свети Кирил и Методий"", ГР.АСЕНОВГРАД","1161","Софтуерни и хардуерни науки AE","профилирана","Софтуерни и хардуерни науки","(2 * БЕЛ + 2 * МАТ) + (1 * БЕЛ + 1 * КМИТ)","","","80111","","Не","Не","дневна","5 години","1","26","0","0","Английски език","интензивно"
"16","ПЛОВДИВ","АСЕНОВГРАД","ГР.АСЕНОВГРАД","1600116","Средно училище  ""Свети свети Кирил и Методий"", ГР.АСЕНОВГРАД","4574","Екскурзовод АЕ","професионална","Екскурзоводско обслужване","(3 * БЕЛ + 1 * МАТ) + (1 * БЕЛ + 1 * ЧЕз)","812030","Екскурзовод","8120302","Трета степен","Не","Не","дневна","5 години","1","26","0","0","Английски език","интензивно"
"17","ПЛОВДИВ","БРЕЗОВО","ГР.БРЕЗОВО","1600706","Професионална гимназия ""Златю Бояджиев"" гр. Брезово, ГР.БРЕЗОВО","1297","Механизация на селското стопанство, английски език","професионална","Механизация на селското стопанство","(2 * БЕЛ + 2 * МАТ) + (1 * М + 1 * ФА)","621070","Техник на селскостопанска техника","6210701","Трета степен","Не","Не","дневна","5 години","0.5","13","0","0","Английски език","без инт. и без разширено"
"18","ПЛОВДИВ","БРЕЗОВО","ГР.БРЕЗОВО","1600706","Професионална гимназия ""Златю Бояджиев"" гр. Брезово, ГР.БРЕЗОВО","1304","Производство и обслужване в заведенията за хранене и развлечения, английски език","професионална","Производство и обслужване в заведенията за хранене и развлечения","(2 * БЕЛ + 2 * МАТ) + (1 * БЗО + 1 * ХООС)","811060","Ресторантьор","8110602","Трета степен","Не","Да","дневна","5 години","0.5","13","0","0","Английски език","без инт. и без разширено"
"19","ПЛОВДИВ","БРЕЗОВО","ГР.БРЕЗОВО","1600705","Средно училище ""Христо Смирненски"", ГР.БРЕЗОВО","3875","Аниматор в туризма","професионална","Туристическа анимация","(3 * БЕЛ + 1 * МАТ) + (1 * ИЦ + 1 * ГИ)","812040","Аниматор в туризма","8120402","Трета степен","Не","Не","дневна","5 години","1","26","0","0","Английски език","разширено"
"20","ПЛОВДИВ","КАЛОЯНОВО","С.ДЪЛГО ПОЛЕ","1601203","Обединено училище ""Христо Ботев"", С.ДЪЛГО ПОЛЕ","1902","Стругарство","професионална","Стругарство","(2 * БЕЛ + 2 * МАТ) + (1 * ФА + 1 * ТП)","521100","Стругар","5211001","Първа степен","Да","Не","дневна","3 години","0.5","13","0","0","Английски език","без инт. и без разширено"
"21","ПЛОВДИВ","КАЛОЯНОВО","С.ДЪЛГО ПОЛЕ","1601203","Обединено училище ""Христо Ботев"", С.ДЪЛГО ПОЛЕ","2199","Деловодство и архив","професионална","Деловодство и архив","(2 * БЕЛ + 2 * МАТ) + (1 * БЕЛ + 1 * КМИТ)","346030","Деловодител","3460301","Първа степен","Не","Не","дневна","3 години","0.5","13","0","0","Английски език","без инт. и без разширено"
"22","ПЛОВДИВ","КАРЛОВО","ГР.КАРЛОВО","1601364","Професионална гимназия  ""Братя Евлогий и Христо Георгиеви"", ГР.КАРЛОВО","1146","Електрообзавеждане на транспортна техника -  АЕ","професионална","Електрообзавеждане на транспортна техника","(2 * БЕЛ + 2 * МАТ) + (1 * КМИТ + 1 * ТП)","522020","Електромонтьор","5220207","Втора степен","Не","Да","дневна","5 години","0.5","13","0","0","Английски език","без инт. и без разширено"
"23","ПЛОВДИВ","КАРЛОВО","ГР.КАРЛОВО","1601364","Професионална гимназия  ""Братя Евлогий и Христо Георгиеви"", ГР.КАРЛОВО","2314","Екскурзоводско обслужване - АЕ","професионална","Екскурзоводско обслужване","(2 * БЕЛ + 2 * МАТ) + (1 * КМИТ + 1 * ТП)","812030","Екскурзовод","8120302","Трета степен","Не","Не","дневна","5 години","0.5","13","0","0","Английски език","без инт. и без разширено"
"24","ПЛОВДИВ","КАРЛОВО","ГР.КАРЛОВО","1601364","Професионална гимназия  ""Братя Евлогий и Христо Георгиеви"", ГР.КАРЛОВО","2317","Автотранспортна техника - АЕ","професионална","Автотранспортна техника","(2 * БЕЛ + 2 * МАТ) + (1 * КМИТ + 1 * ТП)","525010","Техник по транспортна техника","5250101","Трета степен","Не","Да","дневна","5 години","1","26","0","0","Английски език","без инт. и без разширено"
"25","ПЛОВДИВ","КАРЛОВО","ГР.КАРЛОВО","1601361","Професионална гимназия по  железопътен транспорт ""Христо Смирненски"", ГР.КАРЛОВО","970","Осигурителни и комуникационни системи - техник, АЕ","професионална","Осигурителни и комуникационни системи в ж.п.инфраструктура","(2 * БЕЛ + 2 * МАТ) + (1 * КМИТ + 1 * ТП)","523070","Техник по автоматизация","5230704","Трета степен","Да","Не","дневна","5 години","1","26","0","0","Английски език","разширено"
"26","ПЛОВДИВ","КАРЛОВО","ГР.КАРЛОВО","1601361","Професионална гимназия по  железопътен транспорт ""Христо Смирненски"", ГР.КАРЛОВО","995","Автотранспортна техника - техник","професионална","Автотранспортна техника","(2 * БЕЛ + 2 * МАТ) + (1 * КМИТ + 1 * ТП)","525010","Техник по транспортна техника","5250101","Трета степен","Не","Да","дневна","5 години","1","26","0","0","Английски език","без инт. и без разширено"
"27","ПЛОВДИВ","КАРЛОВО","ГР.КАРЛОВО","1601301","Средно училище  ""Васил Левски"", ГР.КАРЛОВО","2863","Природни науки (АЕ)","профилирана","Природни науки","(2 * БЕЛ + 2 * МАТ) + (1 * БЕЛ + 1 * М)","","","80131","","Не","Не","дневна","5 години","1","26","0","0","Английски език","интензивно"
"28","ПЛОВДИВ","КАРЛОВО","ГР.КАРЛОВО","1601301","Средно училище  ""Васил Левски"", ГР.КАРЛОВО","2864","Софтуерни и хардуерни науки (АЕ)","профилирана","Софтуерни и хардуерни науки","(2 * БЕЛ + 2 * МАТ) + (1 * БЕЛ + 1 * М)","","","80111","","Не","Не","дневна","5 години","1","26","0","0","Английски език","интензивно"
"29","ПЛОВДИВ","КАРЛОВО","ГР.КАРЛОВО","1601301","Средно училище  ""Васил Левски"", ГР.КАРЛОВО","3526","Икономическо развитие (АЕ)","профилирана","Икономическо развитие","(2 * БЕЛ + 2 * МАТ) + (1 * БЕЛ + 1 * М)","","","80101","","Не","Не","дневна","5 години","1","26","0","0","Английски език","интензивно"
"30","ПЛОВДИВ","КАРЛОВО","ГР.КАРЛОВО","1601302","Средно училище ""Христо Проданов"", ГР.КАРЛОВО","453","Софтуерни и хардуерни науки","профилирана","Софтуерни и хардуерни науки","(2 * БЕЛ + 2 * МАТ) + (1 * КМИТ + 1 * ЧЕз)","","","80111","","Не","Не","дневна","5 години","1","26","0","0","Английски език","разширено"
"31","ПЛОВДИВ","КАРЛОВО","ГР.КАРЛОВО","1601302","Средно училище ""Христо Проданов"", ГР.КАРЛОВО","3565","Програмиране на изкуствен интелект","професионална","Програмиране на изкуствен интелект","(2 * БЕЛ + 2 * МАТ) + (1 * КМИТ + 1 * ЧЕз)","481040","Програмист на изкуствен интелект","4810401","Трета степен","Не","Не","дневна","5 години","1","26","0","0","Английски език","интензивно"
"32","ПЛОВДИВ","КАРЛОВО","ГР.КАРЛОВО","1601302","Средно училище ""Христо Проданов"", ГР.КАРЛОВО","3567","Обществени науки","профилирана","Обществени науки","(3 * БЕЛ + 1 * МАТ) + (1 * БЕЛ + 1 * ЧЕз)","","","80091","","Не","Не","дневна","5 години","1","26","0","0","Испански език","интензивно"
"33","ПЛОВДИВ","КАРЛОВО","ГР.КЛИСУРА","1600623","Професионална гимназия по икономика ""Тодор Генчов Влайков"", ГР.КЛИСУРА","1256","Икономика и мениджмънт","професионална","Икономика и мениджмънт","(2 * БЕЛ + 2 * МАТ) + (1 * БЕЛ + 1 * ГИ)","345120","Икономист","3451204","Трета степен","Не","Не","дневна","5 години","0.5","13","0","0","Френски език","без инт. и без разширено"
"34","ПЛОВДИВ","КАРЛОВО","ГР.КЛИСУРА","1600623","Професионална гимназия по икономика ""Тодор Генчов Влайков"", ГР.КЛИСУРА","1258","Горско стопанство и дърводобив","професионална","Горско стопанство и дърводобив","(2 * БЕЛ + 2 * МАТ) + (1 * БЕЛ + 1 * БЗО)","623010","Техник- лесовъд","6230102","Трета степен","Не","Не","дневна","5 години","0.5","13","0","0","Френски език","без инт. и без разширено"
"35","ПЛОВДИВ","КРИЧИМ","ГР.КРИЧИМ","1601403","Средно училище ""Петко Рачов Славейков"", ГР.КРИЧИМ","514","Икономическа информатика","професионална","Икономическа информатика","(2 * БЕЛ + 2 * МАТ) + (1 * ГИ + 1 * КМИТ)","482010","Икономист - информатик","4820101","Трета степен","Не","Не","дневна","5 години","1","26","0","0","Английски език","без инт. и без разширено"
"36","ПЛОВДИВ","КУКЛЕН","С.КУКЛЕН","1601102","Професионална гимназия  по селско стопанство, С.КУКЛЕН","2606","Механизация на селското стопанство Техник на селскостопанска техника","професионална","Механизация на селското стопанство","(2 * БЕЛ + 2 * МАТ) + (1 * БЕЛ + 1 * ФА)","621070","Техник на селскостопанска техника","6210701","Трета степен","Не","Не","дневна","5 години","1","26","0","0","Английски език","без инт. и без разширено"
"37","ПЛОВДИВ","КУКЛЕН","С.КУКЛЕН","1601101","Средно училище ""Отец Паисий"", С.КУКЛЕН","5124","Природни науки","профилирана","Природни науки","(2 * БЕЛ + 2 * МАТ) + (1 * БЗО + 1 * ХООС)","","","80131","","Не","Не","дневна","5 години","1","26","0","0","Английски език","без инт. и без разширено"
"38","ПЛОВДИВ","ЛЪКИ","ГР.ЛЪКИ","1601501","Средно училище  ""Христо Ботев"", ГР.ЛЪКИ","3591","Природни науки","профилирана","Природни науки","(3 * БЕЛ + 1 * МАТ) + (1 * БЗО + 1 * ЧЕз)","","","80131","","Не","Не","дневна","5 години","1","26","0","0","Английски език","разширено"
"39","ПЛОВДИВ","МАРИЦА","С.БЕНКОВСКИ","1601704","Средно училище ""Георги Бенковски"", С.БЕНКОВСКИ","5086","Мехатроника","професионална","Мехатроника","(2 * БЕЛ + 2 * МАТ) + (1 * ФА + 1 * КМИТ)","521140","Мехатроника","5211401","Трета степен","Не","Не","дневна","5 години","1","26","0","0","Английски език","без инт. и без разширено"
"40","ПЛОВДИВ","МАРИЦА","С.КАЛЕКОВЕЦ","1601709","Средно училище  ""Свети свети Кирил и Методий"", С.КАЛЕКОВЕЦ","2280","Металообработващи машини - дневна форма на обучение 5 г.","професионална","Металообработващи машини","(2 * БЕЛ + 2 * МАТ) + (1 * БЕЛ + 1 * М)","521040","Машинен монтьор","5210414","Втора степен","Не","Да","дневна","5 години","1","26","0","0","Немски език","без инт. и без разширено"
"41","ПЛОВДИВ","МАРИЦА","С.МАНОЛЕ","1601708","Средно училище ""Васил Левски"", С.МАНОЛЕ","5025","Електронна търговия","професионална","Електронна търговия","(2 * БЕЛ + 2 * МАТ) + (1 * ГИ + 1 * КМИТ)","482040","Организатор Интернет приложения","4820401","Трета степен","Не","Не","дневна","5 години","1","26","0","0","Английски език","без инт. и без разширено"
"42","ПЛОВДИВ","ПЕРУЩИЦА","ГР.ПЕРУЩИЦА","1602402","Професионална гимназия  по лозарство и винарство  ""Христо Ботев"", ГР.ПЕРУЩИЦА","5027","Лозаровинар","професионална","Лозаровинарство","(3 * БЕЛ + 1 * МАТ) + (1 * БЗО + 1 * ХООС)","621090","Лозаровинар","6210901","Втора степен","Не","Не","дневна","5 години","0.5","13","0","0","Английски език","без инт. и без разширено"
"43","ПЛОВДИВ","ПЕРУЩИЦА","ГР.ПЕРУЩИЦА","1602402","Професионална гимназия  по лозарство и винарство  ""Христо Ботев"", ГР.ПЕРУЩИЦА","5028","Монтьор на селскостопанска техника","професионална","Механизация на селското стопанство","(3 * БЕЛ + 1 * МАТ) + (1 * М + 1 * ФА)","621080","Монтьор на селскостопанска техника","6210801","Втора степен","Не","Не","дневна","5 години","0.5","13","0","0","Английски език","без инт. и без разширено"
"44","ПЛОВДИВ","ПЛОВДИВ","ГР.ПЛОВДИВ","1690450","Езикова гимназия ""Иван Вазов"", ГР.ПЛОВДИВ","5032","Чужди езици /АЕ/","профилирана","Чужди езици","(2 * БЕЛ + 2 * МАТ) + (1 * БЕЛ + 1 * М)","","","80071","","Не","Не","дневна","5 години","2","0","26","26","Английски език","интензивно"
"45","ПЛОВДИВ","ПЛОВДИВ","ГР.ПЛОВДИВ","1690450","Езикова гимназия ""Иван Вазов"", ГР.ПЛОВДИВ","5035","Чужди езици /НЕ/","профилирана","Чужди езици","(2 * БЕЛ + 2 * МАТ) + (1 * БЕЛ + 1 * М)","","","80071","","Не","Не","дневна","5 години","2","0","26","26","Немски език","интензивно"
"46","ПЛОВДИВ","ПЛОВДИВ","ГР.ПЛОВДИВ","1690450","Езикова гимназия ""Иван Вазов"", ГР.ПЛОВДИВ","5036","Чужди езици /Исп.Е/","профилирана","Чужди езици","(2 * БЕЛ + 2 * МАТ) + (1 * БЕЛ + 1 * М)","","","80071","","Не","Не","дневна","5 години","2","0","26","26","Испански език","интензивно"
"47","ПЛОВДИВ","ПЛОВДИВ","ГР.ПЛОВДИВ","1690450","Езикова гимназия ""Иван Вазов"", ГР.ПЛОВДИВ","5037","Чужди езици /Италиански език/","профилирана","Чужди езици","(2 * БЕЛ + 2 * МАТ) + (1 * БЕЛ + 1 * М)","","","80071","","Не","Не","дневна","5 години","2","0","26","26","Италиански език","интензивно"
"48","ПЛОВДИВ","ПЛОВДИВ","ГР.ПЛОВДИВ","1690450","Езикова гимназия ""Иван Вазов"", ГР.ПЛОВДИВ","5040","Чужди езици /ФЕ/","профилирана","Чужди езици","(2 * БЕЛ + 2 * МАТ) + (1 * БЕЛ + 1 * М)","","","80071","","Не","Не","дневна","5 години","1","0","13","13","Френски език","интензивно"
"49","ПЛОВДИВ","ПЛОВДИВ","ГР.ПЛОВДИВ","1690449","Езикова гимназия ""Пловдив"", ГР.ПЛОВДИВ","5024","Чужди езици АЕ","профилирана","Чужди езици","(2 * БЕЛ + 2 * МАТ) + (1 * БЕЛ + 1 * М)","","","80071","","Не","Не","дневна","5 години","6","0","78","78","Английски език","интензивно"
"50","ПЛОВДИВ","ПЛОВДИВ","ГР.ПЛОВДИВ","1690449","Езикова гимназия ""Пловдив"", ГР.ПЛОВДИВ","5026","Чужди езици НЕ","профилирана","Чужди езици","(2 * БЕЛ + 2 * МАТ) + (1 * БЕЛ + 1 * М)","","","80071","","Не","Не","дневна","5 години","4","0","52","52","Немски език","интензивно"
"51","ПЛОВДИВ","ПЛОВДИВ","ГР.ПЛОВДИВ","1690346","Математическа гимназия  ""Академик Кирил Попов"", ГР.ПЛОВДИВ","2793","Математически АЕ","профилирана","Математически","(1 * БЕЛ + 3 * МАТ) + (1 * БЕЛ + 1 * М)","","","80121","","Не","Не","дневна","5 години","4","0","52","52","Английски език","интензивно"
"52","ПЛОВДИВ","ПЛОВДИВ","ГР.ПЛОВДИВ","1690346","Математическа гимназия  ""Академик Кирил Попов"", ГР.ПЛОВДИВ","2812","Математически НЕ","профилирана","Математически","(1 * БЕЛ + 3 * МАТ) + (1 * БЕЛ + 1 * М)","","","80121","","Не","Не","дневна","5 години","1","0","13","13","Немски език","интензивно"
"53","ПЛОВДИВ","ПЛОВДИВ","ГР.ПЛОВДИВ","1690346","Математическа гимназия  ""Академик Кирил Попов"", ГР.ПЛОВДИВ","2868","Системно програмиране AE,  Системен програмист","професионална","Системно програмиране","(1 * БЕЛ + 3 * МАТ) + (1 * БЕЛ + 1 * М)","481020","Системен програмист","4810201","Трета степен","Не","Не","дневна","5 години","2","52","0","0","Английски език","разширено"
"54","ПЛОВДИВ","ПЛОВДИВ","ГР.ПЛОВДИВ","1690346","Математическа гимназия  ""Академик Кирил Попов"", ГР.ПЛОВДИВ","2869","Компютърна графика AE, Компютърен график","професионална","Компютърна графика","(1 * БЕЛ + 3 * МАТ) + (1 * БЕЛ + 1 * М)","213060","Компютърен график","2130601","Трета степен","Не","Не","дневна","5 години","1","26","0","0","Английски език","разширено"
"55","ПЛОВДИВ","ПЛОВДИВ","ГР.ПЛОВДИВ","1690175","Национална търговска гимназия - Пловдив, ГР.ПЛОВДИВ","1371","Банково дело, английски език","професионална","Банково дело","(2 * БЕЛ + 2 * МАТ) + (1 * БЕЛ + 1 * М)","343010","Финансист","3430101","Трета степен","Не","Не","дневна","5 години","1","26","0","0","Английски език","разширено"
"56","ПЛОВДИВ","ПЛОВДИВ","ГР.ПЛОВДИВ","1690175","Национална търговска гимназия - Пловдив, ГР.ПЛОВДИВ","1377","Митническа и данъчна администрация, английски език","професионална","Митническа и данъчна администрация","(2 * БЕЛ + 2 * МАТ) + (1 * БЕЛ + 1 * М)","344020","Данъчен и митнически посредник","3440201","Трета степен","Не","Не","дневна","5 години","1","26","0","0","Английски език","разширено"
"57","ПЛОВДИВ","ПЛОВДИВ","ГР.ПЛОВДИВ","1690175","Национална търговска гимназия - Пловдив, ГР.ПЛОВДИВ","1380","Оперативно счетоводство, английски език","професионална","Оперативно счетоводство","(2 * БЕЛ + 2 * МАТ) + (1 * БЕЛ + 1 * М)","344030","Оперативен счетоводител","3440301","Трета степен","Не","Не","дневна","5 години","1","26","0","0","Английски език","разширено"
"58","ПЛОВДИВ","ПЛОВДИВ","ГР.ПЛОВДИВ","1690175","Национална търговска гимназия - Пловдив, ГР.ПЛОВДИВ","1387","Икономическа информатика, английски език","професионална","Икономическа информатика","(2 * БЕЛ + 2 * МАТ) + (1 * БЕЛ + 1 * М)","482010","Икономист - информатик","4820101","Трета степен","Не","Не","дневна","5 години","1","26","0","0","Английски език","разширено"
"59","ПЛОВДИВ","ПЛОВДИВ","ГР.ПЛОВДИВ","1690175","Национална търговска гимназия - Пловдив, ГР.ПЛОВДИВ","1388","Икономика и мениджмънт, немски език","професионална","Икономика и мениджмънт","(2 * БЕЛ + 2 * МАТ) + (1 * БЕЛ + 1 * М)","345120","Икономист","3451204","Трета степен","Не","Не","дневна","5 години","1","26","0","0","Немски език","разширено"
"60","ПЛОВДИВ","ПЛОВДИВ","ГР.ПЛОВДИВ","1690175","Национална търговска гимназия - Пловдив, ГР.ПЛОВДИВ","3352","Търговия, испански език","професионална","Търговия","(2 * БЕЛ + 2 * МАТ) + (1 * БЕЛ + 1 * М)","345120","Икономист","3451202","Трета степен","Не","Не","дневна","5 години","1","26","0","0","Испански език","разширено"
"61","ПЛОВДИВ","ПЛОВДИВ","ГР.ПЛОВДИВ","1690175","Национална търговска гимназия - Пловдив, ГР.ПЛОВДИВ","3353","Бизнес - администрация, английски език","професионална","Бизнес - администрация","(2 * БЕЛ + 2 * МАТ) + (1 * БЕЛ + 1 * М)","346010","Офис - мениджър","3460101","Трета степен","Не","Не","дневна","5 години","1","26","0","0","Английски език","разширено"
"62","ПЛОВДИВ","ПЛОВДИВ","ГР.ПЛОВДИВ","1690175","Национална търговска гимназия - Пловдив, ГР.ПЛОВДИВ","3854","Електронна търговия, английски език","професионална","Електронна търговия","(2 * БЕЛ + 2 * МАТ) + (1 * БЕЛ + 1 * М)","482040","Организатор Интернет приложения","4820401","Трета степен","Не","Не","дневна","5 години","1","26","0","0","Английски език","разширено"
"63","ПЛОВДИВ","ПЛОВДИВ","ГР.ПЛОВДИВ","1690443","Обединено училище ""Йордан Йовков"", ГР.ПЛОВДИВ","5097","работник в заведения за хранене и развлечения 3г.","професионална","Работник в обслужване на заведения за хранене и развлечения","(2 * БЕЛ + 2 * МАТ) + (1 * БЗО + 1 * ТП)","811090","Работник в заведенията за хранене и развлечения","8110902","Първа степен","Не","Не","дневна","3 години","1","26","0","0","Английски език","без инт. и без разширено"
"64","ПЛОВДИВ","ПЛОВДИВ","ГР.ПЛОВДИВ","1690246","Обединено училище ""Пенчо Славейков"", ГР.ПЛОВДИВ","3041","Шивачество","професионална","Шивачество","(2 * БЕЛ + 2 * МАТ) + (1 * ИИ + 1 * ТП)","542110","Шивач","5421101","Първа степен","Не","Не","дневна","3 години","1","26","0","0","Английски език","без инт. и без разширено"
"65","ПЛОВДИВ","ПЛОВДИВ","ГР.ПЛОВДИВ","1690246","Обединено училище ""Пенчо Славейков"", ГР.ПЛОВДИВ","3042","Производство на мебели","професионална","Производство на мебели","(2 * БЕЛ + 2 * МАТ) + (1 * ИИ + 1 * ТП)","543090","Работник в дървообработването","5430906","Първа степен","Не","Не","дневна","3 години","0.5","13","0","0","Английски език","без инт. и без разширено"
"66","ПЛОВДИВ","ПЛОВДИВ","ГР.ПЛОВДИВ","1690246","Обединено училище ""Пенчо Славейков"", ГР.ПЛОВДИВ","4259","Шлосерство","професионална","Шлосерство","(2 * БЕЛ + 2 * МАТ) + (1 * ИИ + 1 * ТП)","521110","Шлосер","5211101","Първа степен","Не","Не","дневна","3 години","0.5","13","0","0","Английски език","без инт. и без разширено"
"67","ПЛОВДИВ","ПЛОВДИВ","ГР.ПЛОВДИВ","1690272","Професионална гимназия по архитектура  строителство и геодезия ""Арх.Камен Петков"", ГР.ПЛОВДИВ","5046","Строителство и архитектура АЕ","професионална","Строителство и архитектура","(1 * БЕЛ + 3 * МАТ) + (1 * М + 1 * ФА)","582010","Строителен техник","5820101","Трета степен","Не","Да","дневна","5 години","1","26","0","0","Английски език","разширено"
"68","ПЛОВДИВ","ПЛОВДИВ","ГР.ПЛОВДИВ","1690272","Професионална гимназия по архитектура  строителство и геодезия ""Арх.Камен Петков"", ГР.ПЛОВДИВ","5049","Строителство и архитектура НЕ","професионална","Строителство и архитектура","(1 * БЕЛ + 3 * МАТ) + (1 * М + 1 * ФА)","582010","Строителен техник","5820101","Трета степен","Не","Да","дневна","5 години","1","26","0","0","Немски език","разширено"
"69","ПЛОВДИВ","ПЛОВДИВ","ГР.ПЛОВДИВ","1690272","Професионална гимназия по архитектура  строителство и геодезия ""Арх.Камен Петков"", ГР.ПЛОВДИВ","5050","Водно строителство АЕ","професионална","Водно строителство","(1 * БЕЛ + 3 * МАТ) + (1 * М + 1 * ФА)","582010","Строителен техник","5820103","Трета степен","Не","Да","дневна","5 години","1","26","0","0","Английски език","разширено"
"70","ПЛОВДИВ","ПЛОВДИВ","ГР.ПЛОВДИВ","1690272","Професионална гимназия по архитектура  строителство и геодезия ""Арх.Камен Петков"", ГР.ПЛОВДИВ","5051","Геодезия АЕ","професионална","Геодезия","(1 * БЕЛ + 3 * МАТ) + (1 * М + 1 * ФА)","581010","Геодезист","5810101","Трета степен","Не","Не","дневна","5 години","1","26","0","0","Английски език","разширено"
"71","ПЛОВДИВ","ПЛОВДИВ","ГР.ПЛОВДИВ","1690272","Професионална гимназия по архитектура  строителство и геодезия ""Арх.Камен Петков"", ГР.ПЛОВДИВ","5053","Транспортно строителство АЕ","професионална","Транспортно строителство","(1 * БЕЛ + 3 * МАТ) + (1 * М + 1 * ФА)","582010","Строителен техник","5820104","Трета степен","Не","Да","дневна","5 години","1","26","0","0","Английски език","разширено"
"72","ПЛОВДИВ","ПЛОВДИВ","ГР.ПЛОВДИВ","1690272","Професионална гимназия по архитектура  строителство и геодезия ""Арх.Камен Петков"", ГР.ПЛОВДИВ","5054","Парково строителство и озеленяване АЕ","професионална","Парково строителство и озеленяване","(1 * БЕЛ + 3 * МАТ) + (1 * М + 1 * БЗО)","622010","Техник – озеленител","6220102","Трета степен","Не","Не","дневна","5 години","1","26","0","0","Английски език","разширено"
"73","ПЛОВДИВ","ПЛОВДИВ","ГР.ПЛОВДИВ","1690272","Професионална гимназия по архитектура  строителство и геодезия ""Арх.Камен Петков"", ГР.ПЛОВДИВ","5055","Архитектурна реставрация АЕ","професионална","Архитектурна реставрация","(1 * БЕЛ + 3 * МАТ) + (1 * М + 1 * ФА)","581030","Техник-реставратор","5810301","Трета степен","Не","Не","дневна","5 години","1","26","0","0","Английски език","разширено"
"74","ПЛОВДИВ","ПЛОВДИВ","ГР.ПЛОВДИВ","1690272","Професионална гимназия по архитектура  строителство и геодезия ""Арх.Камен Петков"", ГР.ПЛОВДИВ","5056","Недвижими имоти АЕ","професионална","Недвижими имоти","(1 * БЕЛ + 3 * МАТ) + (1 * М + 1 * ГИ)","341030","Брокер","3410301","Трета степен","Не","Не","дневна","5 години","1","26","0","0","Английски език","разширено"
"75","ПЛОВДИВ","ПЛОВДИВ","ГР.ПЛОВДИВ","1690179","Професионална гимназия по битова техника, ГР.ПЛОВДИВ","425","Компютърни мрежи АЕ","професионална","Компютърни мрежи","(2 * БЕЛ + 2 * МАТ) + (1 * КМИТ + 1 * ЧЕз)","523050","Техник на компютърни системи","5230502","Трета степен","Не","Не","дневна","5 години","1","26","0","0","Английски език","разширено"
"76","ПЛОВДИВ","ПЛОВДИВ","ГР.ПЛОВДИВ","1690179","Професионална гимназия по битова техника, ГР.ПЛОВДИВ","426","Компютърна техника и технологии АЕ","професионална","Компютърна техника и технологии","(2 * БЕЛ + 2 * МАТ) + (1 * КМИТ + 1 * ЧЕз)","523050","Техник на компютърни системи","5230501","Трета степен","Не","Не","дневна","5 години","1","26","0","0","Английски език","разширено"
"77","ПЛОВДИВ","ПЛОВДИВ","ГР.ПЛОВДИВ","1690179","Професионална гимназия по битова техника, ГР.ПЛОВДИВ","427","Оптически комуникационни системи АЕ","професионална","Оптически комуникационни системи","(2 * БЕЛ + 2 * МАТ) + (1 * КМИТ + 1 * ЧЕз)","523010","Техник по комуникационни системи","5230105","Трета степен","Не","Не","дневна","5 години","1","26","0","0","Английски език","разширено"
"78","ПЛОВДИВ","ПЛОВДИВ","ГР.ПЛОВДИВ","1690179","Професионална гимназия по битова техника, ГР.ПЛОВДИВ","428","Електрически инсталации АЕ","професионална","Електрически инсталации","(2 * БЕЛ + 2 * МАТ) + (1 * КМИТ + 1 * ЧЕз)","522010","Електротехник","5220109","Трета степен","Не","Не","дневна","5 години","1","26","0","0","Английски език","разширено"
"79","ПЛОВДИВ","ПЛОВДИВ","ГР.ПЛОВДИВ","1690179","Професионална гимназия по битова техника, ГР.ПЛОВДИВ","429","Електрообзавеждане на подемна и асансьорна техника АЕ","професионална","Електрообзавеждане на подемна и асансьорна техника","(2 * БЕЛ + 2 * МАТ) + (1 * КМИТ + 1 * ЧЕз)","522010","Електротехник","5220108","Трета степен","Не","Не","дневна","5 години","1","26","0","0","Английски език","разширено"
"80","ПЛОВДИВ","ПЛОВДИВ","ГР.ПЛОВДИВ","1690177","Професионална гимназия по  вътрешна архитектура и дървообработване ""Христо Ботев"", ГР.ПЛОВДИВ","294","Интериорен дизайн - разширено изучаване на АЕ","професионална","Интериорен дизайн","(2 * БЕЛ + 2 * МАТ) + (1 * ИИ + 1 * КМИТ)","214010","Дизайнер","2140106","Трета степен","Не","Не","дневна","5 години","1","26","0","0","Английски език","разширено"
"81","ПЛОВДИВ","ПЛОВДИВ","ГР.ПЛОВДИВ","1690177","Професионална гимназия по  вътрешна архитектура и дървообработване ""Христо Ботев"", ГР.ПЛОВДИВ","310","Мебелно производство, дуална форма на обучение","професионална","Мебелно производство","(2 * БЕЛ + 2 * МАТ) + (1 * ИИ + 1 * КМИТ)","543010","Техник - технолог в дървообработването","5430101","Трета степен","Не","Да","дуална","5 години","0.5","13","0","0","Английски език","без инт. и без разширено"
"82","ПЛОВДИВ","ПЛОВДИВ","ГР.ПЛОВДИВ","1690177","Професионална гимназия по  вътрешна архитектура и дървообработване ""Христо Ботев"", ГР.ПЛОВДИВ","313","Полиграфия - разширено изучаване на АЕ","професионална","Полиграфия","(2 * БЕЛ + 2 * МАТ) + (1 * ИИ + 1 * КМИТ)","213030","Полиграфист","2130301","Трета степен","Не","Да","дневна","5 години","0.5","13","0","0","Английски език","разширено"
"83","ПЛОВДИВ","ПЛОВДИВ","ГР.ПЛОВДИВ","1690177","Професионална гимназия по  вътрешна архитектура и дървообработване ""Христо Ботев"", ГР.ПЛОВДИВ","318","Реставрация на стилни мебели и дограма","професионална","Реставрация на стилни мебели и дограма","(2 * БЕЛ + 2 * МАТ) + (1 * ИИ + 1 * КМИТ)","543010","Техник - технолог в дървообработването","5430104","Трета степен","Не","Не","дневна","5 години","0.5","13","0","0","Английски език","без инт. и без разширено"
"84","ПЛОВДИВ","ПЛОВДИВ","ГР.ПЛОВДИВ","1690177","Професионална гимназия по  вътрешна архитектура и дървообработване ""Христо Ботев"", ГР.ПЛОВДИВ","4225","Мебелно производство","професионална","Мебелно производство","(2 * БЕЛ + 2 * МАТ) + (1 * ИИ + 1 * КМИТ)","543010","Техник - технолог в дървообработването","5430101","Трета степен","Не","Да","дневна","5 години","0.5","13","0","0","Английски език","без инт. и без разширено"
"85","ПЛОВДИВ","ПЛОВДИВ","ГР.ПЛОВДИВ","1690177","Професионална гимназия по  вътрешна архитектура и дървообработване ""Христо Ботев"", ГР.ПЛОВДИВ","4227","Производство на тапицирани изделия, дуална форма на обучение","професионална","Производство на тапицирани изделия","(2 * БЕЛ + 2 * МАТ) + (1 * ИИ + 1 * КМИТ)","543020","Оператор в дървообработването","5430203","Втора степен","Не","Да","дуална","5 години","0.5","13","0","0","Английски език","без инт. и без разширено"
"86","ПЛОВДИВ","ПЛОВДИВ","ГР.ПЛОВДИВ","1690177","Професионална гимназия по  вътрешна архитектура и дървообработване ""Христо Ботев"", ГР.ПЛОВДИВ","4628","Полиграфия, дуална форма на обучение - разширено изучаване на АЕ","професионална","Полиграфия","(2 * БЕЛ + 2 * МАТ) + (1 * ИИ + 1 * КМИТ)","213030","Полиграфист","2130301","Трета степен","Не","Да","дуална","5 години","0.5","13","0","0","Английски език","разширено"
"87","ПЛОВДИВ","ПЛОВДИВ","ГР.ПЛОВДИВ","1690174","Професионална гимназия по  електротехника и електроника, ГР.ПЛОВДИВ","1877","Приложно програмиране с английски език","професионална","Приложно програмиране","(2 * БЕЛ + 2 * МАТ) + (1 * М + 1 * ФА)","481030","Приложен програмист","4810301","Трета степен","Не","Не","дневна","5 години","2","52","0","0","Английски език","разширено"
"88","ПЛОВДИВ","ПЛОВДИВ","ГР.ПЛОВДИВ","1690174","Професионална гимназия по  електротехника и електроника, ГР.ПЛОВДИВ","1897","Компютърна техника и технологии с английски език","професионална","Компютърна техника и технологии","(2 * БЕЛ + 2 * МАТ) + (1 * М + 1 * ФА)","523050","Техник на компютърни системи","5230501","Трета степен","Не","Не","дневна","5 години","1","26","0","0","Английски език","разширено"
"89","ПЛОВДИВ","ПЛОВДИВ","ГР.ПЛОВДИВ","1690174","Професионална гимназия по  електротехника и електроника, ГР.ПЛОВДИВ","1898","Компютърни мрежи с английски език","професионална","Компютърни мрежи","(2 * БЕЛ + 2 * МАТ) + (1 * М + 1 * ФА)","523050","Техник на компютърни системи","5230502","Трета степен","Не","Не","дневна","5 години","1","26","0","0","Английски език","разширено"
"90","ПЛОВДИВ","ПЛОВДИВ","ГР.ПЛОВДИВ","1690174","Професионална гимназия по  електротехника и електроника, ГР.ПЛОВДИВ","1905","Микропроцесорна техника с английски език","професионална","Микропроцесорна техника","(2 * БЕЛ + 2 * МАТ) + (1 * М + 1 * ФА)","523030","Техник на електронна техника","5230302","Трета степен","Не","Не","дневна","5 години","1","26","0","0","Английски език","разширено"
"91","ПЛОВДИВ","ПЛОВДИВ","ГР.ПЛОВДИВ","1690174","Професионална гимназия по  електротехника и електроника, ГР.ПЛОВДИВ","1941","Автоматизация на непрекъснати производства - дуална, с английски език","професионална","Автоматизация на непрекъснати производства","(2 * БЕЛ + 2 * МАТ) + (1 * М + 1 * ФА)","523070","Техник по автоматизация","5230701","Трета степен","Не","Не","дуална","5 години","1","26","0","0","Английски език","разширено"
"92","ПЛОВДИВ","ПЛОВДИВ","ГР.ПЛОВДИВ","1690174","Професионална гимназия по  електротехника и електроника, ГР.ПЛОВДИВ","1948","Електрообзавеждане на производството с английски език","професионална","Електрообзавеждане на производството","(2 * БЕЛ + 2 * МАТ) + (1 * М + 1 * ФА)","522010","Електротехник","5220103","Трета степен","Не","Не","дневна","5 години","1","26","0","0","Английски език","разширено"
"93","ПЛОВДИВ","ПЛОВДИВ","ГР.ПЛОВДИВ","1690174","Професионална гимназия по  електротехника и електроника, ГР.ПЛОВДИВ","2051","Микропроцесорна техника - дуална,  с английски език","професионална","Микропроцесорна техника","(2 * БЕЛ + 2 * МАТ) + (1 * М + 1 * ФА)","523030","Техник на електронна техника","5230302","Трета степен","Не","Не","дуална","5 години","1","26","0","0","Английски език","разширено"
"94","ПЛОВДИВ","ПЛОВДИВ","ГР.ПЛОВДИВ","1690473","Професионална гимназия  по кожени изделия и текстил ""Д-р Иван Богоров"", ГР.ПЛОВДИВ","1261","Фризьорство","професионална","Фризьорство","(3 * БЕЛ + 1 * МАТ) + (1 * БЕЛ + 1 * М)","815010","Фризьор","8150101","Втора степен","Не","Не","дневна","5 години","1","26","0","0","Английски език","без инт. и без разширено"
"95","ПЛОВДИВ","ПЛОВДИВ","ГР.ПЛОВДИВ","1690473","Професионална гимназия  по кожени изделия и текстил ""Д-р Иван Богоров"", ГР.ПЛОВДИВ","1270","Производство на облекло от текстил","професионална","Производство на облекло от текстил","(3 * БЕЛ + 1 * МАТ) + (1 * ИИ + 1 * ТП)","542050","Оператор в производството на облекло","5420501","Втора степен","Не","Да","дневна","5 години","0.5","13","0","0","Английски език","без инт. и без разширено"
"96","ПЛОВДИВ","ПЛОВДИВ","ГР.ПЛОВДИВ","1690473","Професионална гимназия  по кожени изделия и текстил ""Д-р Иван Богоров"", ГР.ПЛОВДИВ","1280","Конструиране, моделиране и технология на кожено-галантерийни изделия","професионална","Конструиране, моделиране и технология на кожено - галантерийни изделия","(3 * БЕЛ + 1 * МАТ) + (1 * ХООС + 1 * ИИ)","542060","Моделиер - технолог на обувни и кожено - галантерийни изделия","5420602","Трета степен","Да","Не","дневна","5 години","0.5","13","0","0","Английски език","без инт. и без разширено"
"97","ПЛОВДИВ","ПЛОВДИВ","ГР.ПЛОВДИВ","1690473","Професионална гимназия  по кожени изделия и текстил ""Д-р Иван Богоров"", ГР.ПЛОВДИВ","4511","Художествена тъкан","професионална","Художествена тъкан","(3 * БЕЛ + 1 * МАТ) + (1 * ИИ + 1 * ТП)","215070","Художник - приложни изкуства","2150703","Трета степен","Да","Не","дневна","5 години","0.5","13","0","0","Английски език","без инт. и без разширено"
"98","ПЛОВДИВ","ПЛОВДИВ","ГР.ПЛОВДИВ","1690473","Професионална гимназия  по кожени изделия и текстил ""Д-р Иван Богоров"", ГР.ПЛОВДИВ","4956","Конструиране, моделиране и технология на обувни изделия","професионална","Конструиране, моделиране и технология на обувни изделия","(3 * БЕЛ + 1 * МАТ) + (1 * ХООС + 1 * ИИ)","542060","Моделиер - технолог на обувни и кожено - галантерийни изделия","5420601","Трета степен","Да","Не","дневна","5 години","0.5","13","0","0","Английски език","без инт. и без разширено"
"99","ПЛОВДИВ","ПЛОВДИВ","ГР.ПЛОВДИВ","1690573","Професионална гимназия по машиностроене, ГР.ПЛОВДИВ","2809","Подемно - транспортна техника монтирана на ПТС","професионална","Подемно - транспортна техника, монтирана на пътни транспортни средства","(2 * БЕЛ + 2 * МАТ) + (1 * БЕЛ + 1 * ФА)","525050","Техник по подемно - транспортна техника","5250501","Трета степен","Не","Да","дуална","5 години","0.5","13","0","0","Английски език","без инт. и без разширено"
"100","ПЛОВДИВ","ПЛОВДИВ","ГР.ПЛОВДИВ","1690573","Професионална гимназия по машиностроене, ГР.ПЛОВДИВ","3272","Електрически превозни средства","професионална","Електрически превозни средства","(2 * БЕЛ + 2 * МАТ) + (1 * БЕЛ + 1 * ФА)","525010","Техник по транспортна техника","5250104","Трета степен","Не","Да","дуална","5 години","0.5","13","0","0","Английски език","без инт. и без разширено"
"101","ПЛОВДИВ","ПЛОВДИВ","ГР.ПЛОВДИВ","1690573","Професионална гимназия по машиностроене, ГР.ПЛОВДИВ","4352","Технология на машиностроенето","професионална","Технология на машиностроенето","(2 * БЕЛ + 2 * МАТ) + (1 * БЕЛ + 1 * ФА)","521010","Машинен техник","5210117","Трета степен","Не","Не","дуална","5 години","0.5","13","0","0","Английски език","без инт. и без разширено"
"102","ПЛОВДИВ","ПЛОВДИВ","ГР.ПЛОВДИВ","1690573","Професионална гимназия по машиностроене, ГР.ПЛОВДИВ","5010","Пътно - строителна техника","професионална","Пътно - строителна техника","(2 * БЕЛ + 2 * МАТ) + (1 * БЕЛ + 1 * ФА)","525010","Техник по транспортна техника","5250102","Трета степен","Не","Да","дуална","5 години","0.5","13","0","0","Английски език","без инт. и без разширено"
"103","ПЛОВДИВ","ПЛОВДИВ","ГР.ПЛОВДИВ","1690572","Професионална гимназия по механотехника  ""Професор Цветан Лазаров"", ГР.ПЛОВДИВ","2697","Програмно осигуряване","професионална","Програмно осигуряване","(2 * БЕЛ + 2 * МАТ) + (1 * БЕЛ + 1 * М)","481010","Програмист","4810101","Втора степен","Не","Да","дневна","5 години","1","26","0","0","Английски език","разширено"
"104","ПЛОВДИВ","ПЛОВДИВ","ГР.ПЛОВДИВ","1690572","Професионална гимназия по механотехника  ""Професор Цветан Лазаров"", ГР.ПЛОВДИВ","2700","Приложно програмиране","професионална","Приложно програмиране","(2 * БЕЛ + 2 * МАТ) + (1 * БЕЛ + 1 * М)","481030","Приложен програмист","4810301","Трета степен","Не","Не","дневна","5 години","1","26","0","0","Английски език","разширено"
"105","ПЛОВДИВ","ПЛОВДИВ","ГР.ПЛОВДИВ","1690572","Професионална гимназия по механотехника  ""Професор Цветан Лазаров"", ГР.ПЛОВДИВ","2701","Машини и системи с ЦПУ","професионална","Машини и системи с ЦПУ","(2 * БЕЛ + 2 * МАТ) + (1 * БЕЛ + 1 * М)","521010","Машинен техник","5210105","Трета степен","Не","Да","дуална","5 години","1","26","0","0","Английски език","без инт. и без разширено"
"106","ПЛОВДИВ","ПЛОВДИВ","ГР.ПЛОВДИВ","1690572","Професионална гимназия по механотехника  ""Професор Цветан Лазаров"", ГР.ПЛОВДИВ","2702","Мехатроника","професионална","Мехатроника","(2 * БЕЛ + 2 * МАТ) + (1 * БЕЛ + 1 * М)","521140","Мехатроника","5211401","Трета степен","Не","Не","дневна","5 години","1","26","0","0","Английски език","разширено"
"107","ПЛОВДИВ","ПЛОВДИВ","ГР.ПЛОВДИВ","1690572","Професионална гимназия по механотехника  ""Професор Цветан Лазаров"", ГР.ПЛОВДИВ","2704","Автотранспортна техника","професионална","Автотранспортна техника","(2 * БЕЛ + 2 * МАТ) + (1 * БЕЛ + 1 * М)","525010","Техник по транспортна техника","5250101","Трета степен","Не","Да","дневна","5 години","1","26","0","0","Английски език","без инт. и без разширено"
"108","ПЛОВДИВ","ПЛОВДИВ","ГР.ПЛОВДИВ","1690572","Професионална гимназия по механотехника  ""Професор Цветан Лазаров"", ГР.ПЛОВДИВ","2705","Автомобилна мехатроника","професионална","Автомобилна мехатроника","(2 * БЕЛ + 2 * МАТ) + (1 * БЕЛ + 1 * М)","525010","Техник по транспортна техника","5250103","Трета степен","Не","Не","дневна","5 години","1","26","0","0","Английски език","разширено"
"109","ПЛОВДИВ","ПЛОВДИВ","ГР.ПЛОВДИВ","1690572","Професионална гимназия по механотехника  ""Професор Цветан Лазаров"", ГР.ПЛОВДИВ","4380","Ремонт на летателни апарати","професионална","Ремонт на летателни апарати","(2 * БЕЛ + 2 * МАТ) + (1 * БЕЛ + 1 * М)","525090","Авиационен техник","5250905","Трета степен","Не","Не","дуална","5 години","1","26","0","0","Английски език","разширено"
"110","ПЛОВДИВ","ПЛОВДИВ","ГР.ПЛОВДИВ","1690176","Професионална гимназия по облекло ""Ана Май"", ГР.ПЛОВДИВ","2858","Моден  дизайн","професионална","Моден дизайн","(3 * БЕЛ + 1 * МАТ) + (1 * ИИ + 1 * ТП)","214010","Дизайнер","2140108","Трета степен","Не","Не","дневна","5 години","0.5","13","0","0","Английски език","без инт. и без разширено"
"111","ПЛОВДИВ","ПЛОВДИВ","ГР.ПЛОВДИВ","1690176","Професионална гимназия по облекло ""Ана Май"", ГР.ПЛОВДИВ","2861","Козметика","професионална","Козметика","(3 * БЕЛ + 1 * МАТ) + (1 * ИИ + 1 * ТП)","815020","Козметик","8150201","Втора степен","Не","Не","дневна","5 години","0.5","13","0","0","Френски език","без инт. и без разширено"
"112","ПЛОВДИВ","ПЛОВДИВ","ГР.ПЛОВДИВ","1690176","Професионална гимназия по облекло ""Ана Май"", ГР.ПЛОВДИВ","2867","Фризьорство","професионална","Фризьорство","(3 * БЕЛ + 1 * МАТ) + (1 * ИИ + 1 * ТП)","815010","Фризьор","8150101","Втора степен","Не","Не","дневна","5 години","1","26","0","0","Френски език","без инт. и без разширено"
"113","ПЛОВДИВ","ПЛОВДИВ","ГР.ПЛОВДИВ","1690176","Професионална гимназия по облекло ""Ана Май"", ГР.ПЛОВДИВ","3488","Фотография","професионална","Фотография","(3 * БЕЛ + 1 * МАТ) + (1 * ИИ + 1 * ТП)","213020","Фотограф","2130201","Трета степен","Не","Не","дневна","5 години","1","26","0","0","Английски език","без инт. и без разширено"
"114","ПЛОВДИВ","ПЛОВДИВ","ГР.ПЛОВДИВ","1690176","Професионална гимназия по облекло ""Ана Май"", ГР.ПЛОВДИВ","3847","Маникюр, педикюр и ноктопластика","професионална","Маникюр, педикюр и ноктопластика","(3 * БЕЛ + 1 * МАТ) + (1 * ИИ + 1 * ТП)","815030","Маникюрист-педикюрист","8150301","Втора степен","Не","Не","дневна","5 години","0.5","13","0","0","Английски език","без инт. и без разширено"
"115","ПЛОВДИВ","ПЛОВДИВ","ГР.ПЛОВДИВ","1690176","Професионална гимназия по облекло ""Ана Май"", ГР.ПЛОВДИВ","4614","Моден дизайн - дуална","професионална","Моден дизайн","(3 * БЕЛ + 1 * МАТ) + (1 * ИИ + 1 * ТП)","214010","Дизайнер","2140108","Трета степен","Не","Не","дуална","5 години","0.5","13","0","0","Английски език","без инт. и без разширено"
"116","ПЛОВДИВ","ПЛОВДИВ","ГР.ПЛОВДИВ","1690273","Професионална гимназия по транспорт  и строителни технологии ""Гоце Делчев"", ГР.ПЛОВДИВ","1697","Техник по транспортна техника  Автотранспортна техника","професионална","Автотранспортна техника","(2 * БЕЛ + 2 * МАТ) + (1 * БЕЛ + 1 * ТП)","525010","Техник по транспортна техника","5250101","Трета степен","Не","Да","дневна","5 години","0.5","13","0","0","Английски език","без инт. и без разширено"
"117","ПЛОВДИВ","ПЛОВДИВ","ГР.ПЛОВДИВ","1690273","Професионална гимназия по транспорт  и строителни технологии ""Гоце Делчев"", ГР.ПЛОВДИВ","1707","Монтьор на транспортна техника  Автотранспортна техника","професионална","Автотранспортна техника","(2 * БЕЛ + 2 * МАТ) + (1 * БЕЛ + 1 * ТП)","525020","Монтьор на транспортна техника","5250201","Втора степен","Не","Да","дневна","5 години","1","26","0","0","Английски език","без инт. и без разширено"
"118","ПЛОВДИВ","ПЛОВДИВ","ГР.ПЛОВДИВ","1690273","Професионална гимназия по транспорт  и строителни технологии ""Гоце Делчев"", ГР.ПЛОВДИВ","3943","Техник по транспортна техника/ Автомобилна мехатроника","професионална","Автомобилна мехатроника","(2 * БЕЛ + 2 * МАТ) + (1 * БЕЛ + 1 * ТП)","525010","Техник по транспортна техника","5250103","Трета степен","Не","Не","дневна","5 години","0.5","13","0","0","Английски език","без инт. и без разширено"
"119","ПЛОВДИВ","ПЛОВДИВ","ГР.ПЛОВДИВ","1690273","Професионална гимназия по транспорт  и строителни технологии ""Гоце Делчев"", ГР.ПЛОВДИВ","4837","Електротехник, Електрообзавеждане на транспортна техника","професионална","Електрообзавеждане на транспортна техника","(2 * БЕЛ + 2 * МАТ) + (1 * БЕЛ + 1 * ТП)","522010","Електротехник","5220106","Трета степен","Не","Не","дневна","5 години","0.5","13","0","0","Английски език","без инт. и без разширено"
"120","ПЛОВДИВ","ПЛОВДИВ","ГР.ПЛОВДИВ","1690273","Професионална гимназия по транспорт  и строителни технологии ""Гоце Делчев"", ГР.ПЛОВДИВ","4838","Електромонтьор, Електрообзавеждане на транспортна техника","професионална","Електрообзавеждане на транспортна техника","(2 * БЕЛ + 2 * МАТ) + (1 * БЕЛ + 1 * ТП)","522020","Електромонтьор","5220207","Втора степен","Не","Да","дневна","5 години","0.5","13","0","0","Английски език","без инт. и без разширено"
"121","ПЛОВДИВ","ПЛОВДИВ","ГР.ПЛОВДИВ","1690273","Професионална гимназия по транспорт  и строителни технологии ""Гоце Делчев"", ГР.ПЛОВДИВ","4839","Строител - монтажник, Метални конструкции","професионална","Метални конструкции","(2 * БЕЛ + 2 * МАТ) + (1 * БЕЛ + 1 * ТП)","582040","Строител – монтажник","5820402","Втора степен","Да","Не","дневна","5 години","1","26","0","0","Английски език","без инт. и без разширено"
"122","ПЛОВДИВ","ПЛОВДИВ","ГР.ПЛОВДИВ","1690178","Професионална гимназия по туризъм ""Проф. д-р Асен Златаров"", ГР.ПЛОВДИВ","120","Организация на хотелиерството АЕ","професионална","Организация на хотелиерството","(2 * БЕЛ + 2 * МАТ) + (1 * БЕЛ + 1 * ГИ)","811010","Хотелиер","8110101","Трета степен","Не","Не","дневна","5 години","1","26","0","0","Английски език","разширено"
"123","ПЛОВДИВ","ПЛОВДИВ","ГР.ПЛОВДИВ","1690178","Професионална гимназия по туризъм ""Проф. д-р Асен Златаров"", ГР.ПЛОВДИВ","122","Кетъринг НЕ","професионална","Кетъринг","(2 * БЕЛ + 2 * МАТ) + (1 * БЕЛ + 1 * ГИ)","811060","Ресторантьор","8110603","Трета степен","Не","Не","дневна","5 години","1","26","0","0","Немски език","разширено"
"124","ПЛОВДИВ","ПЛОВДИВ","ГР.ПЛОВДИВ","1690178","Професионална гимназия по туризъм ""Проф. д-р Асен Златаров"", ГР.ПЛОВДИВ","124","Кетъринг АЕ","професионална","Кетъринг","(2 * БЕЛ + 2 * МАТ) + (1 * БЕЛ + 1 * ГИ)","811060","Ресторантьор","8110603","Трета степен","Не","Не","дневна","5 години","1","26","0","0","Английски език","разширено"
"125","ПЛОВДИВ","ПЛОВДИВ","ГР.ПЛОВДИВ","1690178","Професионална гимназия по туризъм ""Проф. д-р Асен Златаров"", ГР.ПЛОВДИВ","125","Организация на туризма и свободното време АЕ","професионална","Организация на туризма и свободното време","(2 * БЕЛ + 2 * МАТ) + (1 * БЕЛ + 1 * ГИ)","812010","Организатор на туристическа агентска дейност","8120101","Трета степен","Не","Не","дневна","5 години","1","26","0","0","Английски език","разширено"
"126","ПЛОВДИВ","ПЛОВДИВ","ГР.ПЛОВДИВ","1690178","Професионална гимназия по туризъм ""Проф. д-р Асен Златаров"", ГР.ПЛОВДИВ","128","Производство на кулинарни изделия и напитки АЕ","професионална","Производство на кулинарни изделия и напитки","(2 * БЕЛ + 2 * МАТ) + (1 * БЕЛ + 1 * ГИ)","811070","Готвач","8110701","Втора степен","Не","Да","дневна","5 години","1","26","0","0","Английски език","без инт. и без разширено"
"127","ПЛОВДИВ","ПЛОВДИВ","ГР.ПЛОВДИВ","1690178","Професионална гимназия по туризъм ""Проф. д-р Асен Златаров"", ГР.ПЛОВДИВ","130","Производство на хляб и хлебни изделия АЕ","професионална","Производство на хляб и хлебни изделия","(2 * БЕЛ + 2 * МАТ) + (1 * БЕЛ + 1 * ГИ)","541030","Хлебар - сладкар","5410301","Втора степен","Не","Да","дневна","5 години","1","26","0","0","Английски език","без инт. и без разширено"
"128","ПЛОВДИВ","ПЛОВДИВ","ГР.ПЛОВДИВ","1690472","Професионална гимназия по хранителни технологии и техника, ГР.ПЛОВДИВ","1940","Експлоатация и поддържане на  хладилна и климатична техника - техник АЕ","професионална","Експлоатация и поддържане на хладилна и климатична техника в хранителнo-вкусовата промишленост","(3 * БЕЛ + 1 * МАТ) + (1 * БЕЛ + 1 * М)","541040","Техник - технолог по експлоатация и поддържане на хладилна и климатична техника в хранително-вкусовата промишленост","5410401","Трета степен","Не","Не","дуална","5 години","1","26","0","0","Английски език","разширено"
"129","ПЛОВДИВ","ПЛОВДИВ","ГР.ПЛОВДИВ","1690472","Професионална гимназия по хранителни технологии и техника, ГР.ПЛОВДИВ","1949","Контрол на качеството и безопасност на храни и напитки - техник-технолог АЕ","професионална","Контрол на качеството и безопасност на храни и напитки","(3 * БЕЛ + 1 * МАТ) + (1 * БЕЛ + 1 * БЗО)","541060","Техник - технолог по качеството на храни и напитки","5410601","Трета степен","Не","Не","дневна","5 години","2","52","0","0","Английски език","разширено"
"130","ПЛОВДИВ","ПЛОВДИВ","ГР.ПЛОВДИВ","1690472","Професионална гимназия по хранителни технологии и техника, ГР.ПЛОВДИВ","1965","Технологичен и микробиологичен контрол в ХВП - Лаборант АЕ","професионална","Технологичен и микробиологичен контрол в хранително - вкусови производства","(3 * БЕЛ + 1 * МАТ) + (1 * БЕЛ + 1 * БЗО)","524040","Лаборант","5240402","Трета степен","Не","Да","дневна","5 години","2","52","0","0","Английски език","разширено"
"131","ПЛОВДИВ","ПЛОВДИВ","ГР.ПЛОВДИВ","1690472","Професионална гимназия по хранителни технологии и техника, ГР.ПЛОВДИВ","1979","Топлотехника - топлинна климатична вентилационна и хладилна - техник АЕ","професионална","Топлотехника - топлинна, климатична, вентилационна и хладилна","(3 * БЕЛ + 1 * МАТ) + (1 * БЕЛ + 1 * М)","522030","Техник на енергийни съоръжения и инсталации","5220309","Трета степен","Не","Да","дуална","5 години","1","26","0","0","Английски език","разширено"
"132","ПЛОВДИВ","ПЛОВДИВ","ГР.ПЛОВДИВ","1690472","Професионална гимназия по хранителни технологии и техника, ГР.ПЛОВДИВ","1992","Технология в биопроизводствата - Биотехнолог АЕ","професионална","Технология в биопроизводствата","(3 * БЕЛ + 1 * МАТ) + (1 * БЕЛ + 1 * БЗО)","524020","Биотехнолог","5240201","Трета степен","Не","Да","дневна","5 години","1","26","0","0","Английски език","разширено"
"133","ПЛОВДИВ","ПЛОВДИВ","ГР.ПЛОВДИВ","1690542","Средно училище ""Братя Миладинови"", ГР.ПЛОВДИВ","5029","Продавач-консултант","професионална","Продавач - консултант","(2 * БЕЛ + 2 * МАТ) + (1 * БЕЛ + 1 * КМИТ)","341020","Продавач - консултант","3410201","Втора степен","Не","Не","дуална","5 години","1","26","0","0","Английски език","разширено"
"134","ПЛОВДИВ","ПЛОВДИВ","ГР.ПЛОВДИВ","1690642","Средно училище Димитър Матевски"", ГР.ПЛОВДИВ","3686","Организатор интернет приложения, Електронна търговия, разширено изучаване на чужд език АЕ","професионална","Електронна търговия","(2 * БЕЛ + 2 * МАТ) + (1 * БЕЛ + 1 * КМИТ)","482040","Организатор Интернет приложения","4820401","Трета степен","Не","Не","дневна","5 години","1","26","0","0","Английски език","разширено"
"135","ПЛОВДИВ","ПЛОВДИВ","ГР.ПЛОВДИВ","1690642","Средно училище Димитър Матевски"", ГР.ПЛОВДИВ","5102","Икономист, Търговия, разширено изучаване на чужд език АЕ","професионална","Търговия","(2 * БЕЛ + 2 * МАТ) + (1 * БЕЛ + 1 * ГИ)","345120","Икономист","3451202","Трета степен","Не","Не","дневна","5 години","1","26","0","0","Английски език","разширено"
"136","ПЛОВДИВ","ПЛОВДИВ","ГР.ПЛОВДИВ","1690549","Средно училище  "" Константин Величков "", ГР.ПЛОВДИВ","2726","Природни науки АЕ","профилирана","Природни науки","(2 * БЕЛ + 2 * МАТ) + (1 * БЗО + 1 * ХООС)","","","80131","","Не","Не","дневна","5 години","1","26","0","0","Английски език","разширено"
"137","ПЛОВДИВ","ПЛОВДИВ","ГР.ПЛОВДИВ","1690150","Средно училище  ""Любен Каравелов"", ГР.ПЛОВДИВ","5033","Музика АЕ","профилирана","Музика","(1 * БЕЛ + 1 * МАТ + 2 * МУЗ) + (1 * Муз. + 1 * ЧЕз)","","","80151","","Не","Не","дневна","5 години","1","26","0","0","Английски език","без инт. и без разширено"
"138","ПЛОВДИВ","ПЛОВДИВ","ГР.ПЛОВДИВ","1690150","Средно училище  ""Любен Каравелов"", ГР.ПЛОВДИВ","5034","Музика ИТ","профилирана","Музика","(1 * БЕЛ + 1 * МАТ + 2 * МУЗ) + (1 * Муз. + 1 * КМИТ)","","","80151","","Не","Не","дневна","5 години","1","26","0","0","Английски език","без инт. и без разширено"
"139","ПЛОВДИВ","ПЛОВДИВ","ГР.ПЛОВДИВ","1690247","Средно училище ""Найден Геров"", ГР.ПЛОВДИВ","734","Шивач","професионална","Шивачество","(2 * БЕЛ + 2 * МАТ) + (1 * БЕЛ + 1 * ТП)","542110","Шивач","5421101","Първа степен","Не","Не","дневна","3 години","0.5","13","0","0","Английски език","без инт. и без разширено"
"140","ПЛОВДИВ","ПЛОВДИВ","ГР.ПЛОВДИВ","1690247","Средно училище ""Найден Геров"", ГР.ПЛОВДИВ","739","Работник в дървообработването","професионална","Производство на мебели","(2 * БЕЛ + 2 * МАТ) + (1 * БЕЛ + 1 * ТП)","543090","Работник в дървообработването","5430906","Първа степен","Не","Не","дневна","3 години","0.5","13","0","0","Английски език","без инт. и без разширено"
"141","ПЛОВДИВ","ПЛОВДИВ","ГР.ПЛОВДИВ","1690247","Средно училище ""Найден Геров"", ГР.ПЛОВДИВ","4758","Озеленител","професионална","Парково строителство и озеленяване","(2 * БЕЛ + 2 * МАТ) + (1 * БЗО + 1 * ТП)","622020","Озеленител","6220202","Втора степен","Не","Не","дуална","5 години","1","26","0","0","Английски език","без инт. и без разширено"
"142","ПЛОВДИВ","ПЛОВДИВ","ГР.ПЛОВДИВ","1690247","Средно училище ""Найден Геров"", ГР.ПЛОВДИВ","4834","Монтажник на водоснабдителни и канализационни мрежи","професионална","Вътрешни ВиК мрежи","(2 * БЕЛ + 2 * МАТ) + (1 * БЕЛ + 1 * ТП)","582050","Монтажник на водоснабдителни и канализационни мрежи","5820501","Втора степен","Не","Да","дуална","5 години","1","26","0","0","Английски език","без инт. и без разширено"
"143","ПЛОВДИВ","ПЛОВДИВ","ГР.ПЛОВДИВ","1690446","Средно училище  ""Никола Вапцаров"", ГР.ПЛОВДИВ","767","Бижутерия","професионална","Бижутерия","(2 * БЕЛ + 2 * МАТ) + (1 * ХООС + 1 * ИИ)","215030","Бижутер","2150301","Втора степен","Не","Не","дневна","5 години","1","26","0","0","Английски език","без инт. и без разширено"
"144","ПЛОВДИВ","ПЛОВДИВ","ГР.ПЛОВДИВ","1690446","Средно училище  ""Никола Вапцаров"", ГР.ПЛОВДИВ","3690","Графичен дизайн","професионална","Графичен дизайн","(2 * БЕЛ + 2 * МАТ) + (1 * ИИ + 1 * КМИТ)","213070","Графичен дизайнер","2130701","Трета степен","Не","Не","дневна","5 години","1","26","0","0","Английски език","без инт. и без разширено"
"145","ПЛОВДИВ","ПЛОВДИВ","ГР.ПЛОВДИВ","1690447","Средно училище  ""Пейо Крачолов Яворов"", ГР.ПЛОВДИВ","2450","Софтуерни и хардуерни науки","профилирана","Софтуерни и хардуерни науки","(2 * БЕЛ + 2 * МАТ) + (1 * БЕЛ + 1 * КМИТ)","","","80111","","Не","Не","дневна","5 години","1","26","0","0","Английски език","интензивно"
"146","ПЛОВДИВ","ПЛОВДИВ","ГР.ПЛОВДИВ","1690447","Средно училище  ""Пейо Крачолов Яворов"", ГР.ПЛОВДИВ","2770","Природни науки","профилирана","Природни науки","(2 * БЕЛ + 2 * МАТ) + (1 * БЕЛ + 1 * БЗО)","","","80131","","Не","Не","дневна","5 години","1","26","0","0","Английски език","интензивно"
"147","ПЛОВДИВ","ПЛОВДИВ","ГР.ПЛОВДИВ","1690155","Средно училище  ""Свети Климент Охридски"", ГР.ПЛОВДИВ","558","Природни науки АЕ","профилирана","Природни науки","(2 * БЕЛ + 2 * МАТ) + (1 * БЗО + 1 * ХООС)","","","80131","","Не","Не","дневна","5 години","2","52","0","0","Английски език","интензивно"
"148","ПЛОВДИВ","ПЛОВДИВ","ГР.ПЛОВДИВ","1690155","Средно училище  ""Свети Климент Охридски"", ГР.ПЛОВДИВ","562","Обществени науки АЕ","профилирана","Обществени науки","(2 * БЕЛ + 2 * МАТ) + (1 * ИЦ + 1 * ГИ)","","","80091","","Не","Не","дневна","5 години","1","26","0","0","Английски език","интензивно"
"149","ПЛОВДИВ","ПЛОВДИВ","ГР.ПЛОВДИВ","1690550","Средно училище ""Свети Константин - Кирил Философ"", ГР.ПЛОВДИВ","640","Софтуерни и хардуерни науки","профилирана","Софтуерни и хардуерни науки","(2 * БЕЛ + 2 * МАТ) + (1 * БЕЛ + 1 * М)","","","80111","","Не","Не","дневна","5 години","1","26","0","0","Английски език","интензивно"
"150","ПЛОВДИВ","ПЛОВДИВ","ГР.ПЛОВДИВ","1690550","Средно училище ""Свети Константин - Кирил Философ"", ГР.ПЛОВДИВ","688","Икономическа информатика","професионална","Икономическа информатика","(2 * БЕЛ + 2 * МАТ) + (1 * БЕЛ + 1 * М)","482010","Икономист - информатик","4820101","Трета степен","Не","Не","дневна","5 години","1","26","0","0","Английски език","интензивно"
"151","ПЛОВДИВ","ПЛОВДИВ","ГР.ПЛОВДИВ","1690156","Средно училище ""Свети Патриарх Евтимий"", ГР.ПЛОВДИВ","2834","Обществени науки с испански език","профилирана","Обществени науки","(3 * БЕЛ + 1 * МАТ) + (1 * БЕЛ + 1 * ИЦ)","","","80091","","Не","Не","дневна","5 години","1","26","0","0","Испански език","интензивно"
"152","ПЛОВДИВ","ПЛОВДИВ","ГР.ПЛОВДИВ","1690156","Средно училище ""Свети Патриарх Евтимий"", ГР.ПЛОВДИВ","2836","Икономическо развитие с английски език","профилирана","Икономическо развитие","(3 * БЕЛ + 1 * МАТ) + (1 * ГИ + 1 * ЧЕз)","","","80101","","Не","Не","дневна","5 години","1","26","0","0","Английски език","интензивно"
"153","ПЛОВДИВ","ПЛОВДИВ","ГР.ПЛОВДИВ","1690156","Средно училище ""Свети Патриарх Евтимий"", ГР.ПЛОВДИВ","2838","Природни науки с английски език","профилирана","Природни науки","(2 * БЕЛ + 2 * МАТ) + (1 * БЕЛ + 1 * БЗО)","","","80131","","Не","Не","дневна","5 години","1","26","0","0","Английски език","интензивно"
"154","ПЛОВДИВ","ПЛОВДИВ","ГР.ПЛОВДИВ","1690156","Средно училище ""Свети Патриарх Евтимий"", ГР.ПЛОВДИВ","2839","Природни науки с немски език","профилирана","Природни науки","(2 * БЕЛ + 2 * МАТ) + (1 * БЕЛ + 1 * БЗО)","","","80131","","Не","Не","дневна","5 години","1","26","0","0","Немски език","интензивно"
"155","ПЛОВДИВ","ПЛОВДИВ","ГР.ПЛОВДИВ","1690156","Средно училище ""Свети Патриарх Евтимий"", ГР.ПЛОВДИВ","4443","Икономическо развитие с интензивно изучаване на испански език","профилирана","Икономическо развитие","(3 * БЕЛ + 1 * МАТ) + (1 * ГИ + 1 * ЧЕз)","","","80101","","Не","Не","дневна","5 години","1","26","0","0","Испански език","интензивно"
"156","ПЛОВДИВ","ПЛОВДИВ","ГР.ПЛОВДИВ","1690345","Средно училище ""Свети свети Кирил и Методий"", ГР.ПЛОВДИВ","945","Рекламна графика - Дизайнер. АЕ","професионална","Рекламна графика","(2 * БЕЛ + 2 * МАТ) + (1 * БЕЛ + 1 * ИИ)","214010","Дизайнер","2140112","Трета степен","Не","Не","дневна","5 години","2","52","0","0","Английски език","разширено"
"157","ПЛОВДИВ","ПЛОВДИВ","ГР.ПЛОВДИВ","1690345","Средно училище ""Свети свети Кирил и Методий"", ГР.ПЛОВДИВ","953","Български танци - Танцьор. АЕ","професионална","Български танци","(2 * БЕЛ + 2 * МАТ) + (1 * БЕЛ + 1 * Муз.)","212050","Танцьор","2120501","Трета степен","Не","Не","дневна","5 години","1","26","0","0","Английски език","разширено"
"158","ПЛОВДИВ","ПЛОВДИВ","ГР.ПЛОВДИВ","1690643","Средно училище  ""Свети Седмочисленици"", ГР.ПЛОВДИВ","5063","Софтуерни и хардуерни науки, Английски език","профилирана","Софтуерни и хардуерни науки","(2 * БЕЛ + 2 * МАТ) + (1 * КМИТ + 1 * ЧЕз)","","","80111","","Не","Не","дневна","5 години","1","26","0","0","Английски език","разширено"
"159","ПЛОВДИВ","ПЛОВДИВ","ГР.ПЛОВДИВ","1690643","Средно училище  ""Свети Седмочисленици"", ГР.ПЛОВДИВ","5064","Икономическа информатика, Английски език","професионална","Икономическа информатика","(2 * БЕЛ + 2 * МАТ) + (1 * БЕЛ + 1 * ЧЕз)","482010","Икономист - информатик","4820101","Трета степен","Не","Не","дневна","5 години","1","26","0","0","Английски език","разширено"
"160","ПЛОВДИВ","ПЛОВДИВ","ГР.ПЛОВДИВ","1690644","Средно училище ""Свети Софроний Врачански"", ГР.ПЛОВДИВ","3518","Електронна търговия - АЕ","професионална","Електронна търговия","(2 * БЕЛ + 2 * МАТ) + (1 * ГИ + 1 * КМИТ)","482040","Организатор Интернет приложения","4820401","Трета степен","Не","Не","дневна","5 години","1","26","0","0","Английски език","разширено"
"161","ПЛОВДИВ","ПЛОВДИВ","ГР.ПЛОВДИВ","1690644","Средно училище ""Свети Софроний Врачански"", ГР.ПЛОВДИВ","4813","Програмиране на изкуствен интелект - АЕ","професионална","Програмиране на изкуствен интелект","(2 * БЕЛ + 2 * МАТ) + (1 * М + 1 * КМИТ)","481040","Програмист на изкуствен интелект","4810401","Трета степен","Не","Не","дневна","5 години","1","26","0","0","Английски език","разширено"
"162","ПЛОВДИВ","ПЛОВДИВ","ГР.ПЛОВДИВ","1690154","Средно училище  "" СВ. ПАИСИЙ ХИЛЕНДАРСКИ "", ГР.ПЛОВДИВ","687","Природни науки ,  АЕ","профилирана","Природни науки","(2 * БЕЛ + 2 * МАТ) + (1 * БЗО + 1 * ХООС)","","","80131","","Не","Не","дневна","5 години","1","26","0","0","Английски език","интензивно"
"163","ПЛОВДИВ","ПЛОВДИВ","ГР.ПЛОВДИВ","1690154","Средно училище  "" СВ. ПАИСИЙ ХИЛЕНДАРСКИ "", ГР.ПЛОВДИВ","691","Програмиране на изкуствен интелект, АЕ","професионална","Програмиране на изкуствен интелект","(1 * БЕЛ + 3 * МАТ) + (1 * М + 1 * КМИТ)","481040","Програмист на изкуствен интелект","4810401","Трета степен","Не","Не","дневна","5 години","1","26","0","0","Английски език","интензивно"
"164","ПЛОВДИВ","ПЛОВДИВ","ГР.ПЛОВДИВ","1690154","Средно училище  "" СВ. ПАИСИЙ ХИЛЕНДАРСКИ "", ГР.ПЛОВДИВ","839","Графичен дизайн, АЕ","професионална","Графичен дизайн","(1 * БЕЛ + 3 * МАТ) + (1 * ИИ + 1 * КМИТ)","213070","Графичен дизайнер","2130701","Трета степен","Не","Не","дневна","5 години","1","26","0","0","Английски език","интензивно"
"165","ПЛОВДИВ","ПЛОВДИВ","ГР.ПЛОВДИВ","1690248","Средно училище  ""Симон Боливар"", ГР.ПЛОВДИВ","634","Техник - озеленител","професионална","Цветарство","(3 * БЕЛ + 1 * МАТ) + (1 * БЗО + 1 * ИИ)","622010","Техник – озеленител","6220101","Трета степен","Не","Не","дуална","5 години","1","26","0","0","Английски език","без инт. и без разширено"
"166","ПЛОВДИВ","ПЛОВДИВ","ГР.ПЛОВДИВ","1690448","Средно училище  ""Христо Груев Данов"", ГР.ПЛОВДИВ","5105","Професионална паралелка с разширено изучаване на английски език Програмно осигуряване","професионална","Програмно осигуряване","(2 * БЕЛ + 2 * МАТ) + (1 * КМИТ + 1 * ЧЕз)","481010","Програмист","4810101","Втора степен","Не","Да","дневна","5 години","1","26","0","0","Английски език","разширено"
"167","ПЛОВДИВ","ПЛОВДИВ","ГР.ПЛОВДИВ","1690157","Средно училище  ""Цар Симеон Велики"", ГР.ПЛОВДИВ","2482","Софтуерни и хардуерни науки","профилирана","Софтуерни и хардуерни науки","(2 * БЕЛ + 2 * МАТ) + (1 * ИИ + 1 * КМИТ)","","","80111","","Не","Не","дневна","5 години","1","26","0","0","Английски език","интензивно"
"168","ПЛОВДИВ","ПЛОВДИВ","ГР.ПЛОВДИВ","1690157","Средно училище  ""Цар Симеон Велики"", ГР.ПЛОВДИВ","2493","Предприемачески","профилирана","Предприемачески","(2 * БЕЛ + 2 * МАТ) + (1 * ГИ + 1 * КМИТ)","","","80171","","Не","Не","дневна","5 години","1","26","0","0","Английски език","интензивно"
"169","ПЛОВДИВ","ПЛОВДИВ","ГР.ПЛОВДИВ","1690157","Средно училище  ""Цар Симеон Велики"", ГР.ПЛОВДИВ","4442","Асистент на лекар по дентална медицина с интензивно изучаване на английски език","професионална","Асистент на лекар по дентална медицина","(2 * БЕЛ + 2 * МАТ) + (1 * БЗО + 1 * КМИТ)","724010","Асистент на лекар по дентална медицина","7240101","Трета степен","Не","Не","дневна","5 години","1","26","0","0","Английски език","интензивно"
"170","ПЛОВДИВ","ПЛОВДИВ","ГР.ПЛОВДИВ","1690645","Средно училище ""Черноризец Храбър"", ГР.ПЛОВДИВ","3571","Графичен дизайн","професионална","Графичен дизайн","(2 * БЕЛ + 2 * МАТ) + (1 * ИИ + 1 * КМИТ)","213070","Графичен дизайнер","2130701","Трета степен","Не","Не","дуална","5 години","1","26","0","0","Английски език","разширено"
"171","ПЛОВДИВ","ПЛОВДИВ","ГР.ПЛОВДИВ","1690645","Средно училище ""Черноризец Храбър"", ГР.ПЛОВДИВ","3691","Икономика и мениджмънт","професионална","Икономика и мениджмънт","(2 * БЕЛ + 2 * МАТ) + (1 * ГИ + 1 * КМИТ)","345120","Икономист","3451204","Трета степен","Не","Не","дневна","5 години","1","26","0","0","Испански език","разширено"
"172","ПЛОВДИВ","ПЛОВДИВ","ГР.ПЛОВДИВ","1690451","Френска езикова гимназия  ""Антоан дьо Сент - Екзюпери"", ГР.ПЛОВДИВ","2031","Чужди езици ФЕ","профилирана","Чужди езици","(3 * БЕЛ + 1 * МАТ) + (1 * БЕЛ + 1 * М)","","","80071","","Не","Не","дневна","5 години","4","104","0","0","Френски език","интензивно"
"173","ПЛОВДИВ","ПЛОВДИВ","ГР.ПЛОВДИВ","1690451","Френска езикова гимназия  ""Антоан дьо Сент - Екзюпери"", ГР.ПЛОВДИВ","2039","Чужди езици АЕ","профилирана","Чужди езици","(3 * БЕЛ + 1 * МАТ) + (1 * БЕЛ + 1 * М)","","","80071","","Не","Не","дневна","5 години","4","104","0","0","Английски език","интензивно"
"174","ПЛОВДИВ","ПЛОВДИВ","ГР.ПЛОВДИВ","1690153","Хуманитарна гимназия ""Св. Св. Кирил и Методий"", ГР.ПЛОВДИВ","2816","Хуманитарни науки АЕ","профилирана","Хуманитарни науки","(3 * БЕЛ + 1 * МАТ) + (1 * БЕЛ + 1 * ИЦ)","","","80081","","Не","Не","дневна","5 години","3","0","24","54","Английски език","интензивно"
"175","ПЛОВДИВ","ПЛОВДИВ","ГР.ПЛОВДИВ","1690153","Хуманитарна гимназия ""Св. Св. Кирил и Методий"", ГР.ПЛОВДИВ","2851","Хуманитарни науки НЕ","профилирана","Хуманитарни науки","(3 * БЕЛ + 1 * МАТ) + (1 * БЕЛ + 1 * ИЦ)","","","80081","","Не","Не","дневна","5 години","2","0","16","36","Немски език","интензивно"
"176","ПЛОВДИВ","ПЛОВДИВ","ГР.ПЛОВДИВ","1690153","Хуманитарна гимназия ""Св. Св. Кирил и Методий"", ГР.ПЛОВДИВ","2853","Природни науки АЕ","профилирана","Природни науки","(3 * БЕЛ + 1 * МАТ) + (1 * БЗО + 1 * ХООС)","","","80131","","Не","Не","дневна","5 години","1","26","0","0","Английски език","интензивно"
"177","ПЛОВДИВ","ПЛОВДИВ","ГР.ПЛОВДИВ","1690153","Хуманитарна гимназия ""Св. Св. Кирил и Методий"", ГР.ПЛОВДИВ","2856","Хуманитарни науки РЕ","профилирана","Хуманитарни науки","(3 * БЕЛ + 1 * МАТ) + (1 * БЕЛ + 1 * ИЦ)","","","80081","","Не","Не","дневна","5 години","1","26","0","0","Руски език","интензивно"
"178","ПЛОВДИВ","ПЪРВОМАЙ","ГР.ПЪРВОМАЙ","1602315","Професионална гимназия  по селско стопанство ""Васил Левски"", ГР.ПЪРВОМАЙ","5069","Икономическа информатика АЕ","професионална","Икономическа информатика","(3 * БЕЛ + 1 * МАТ) + (1 * М + 1 * КМИТ)","482010","Икономист - информатик","4820101","Трета степен","Не","Не","дневна","5 години","1","26","0","0","Английски език","разширено"
"179","ПЛОВДИВ","ПЪРВОМАЙ","ГР.ПЪРВОМАЙ","1602315","Професионална гимназия  по селско стопанство ""Васил Левски"", ГР.ПЪРВОМАЙ","5071","Механизация на селското стопанство РЕ","професионална","Механизация на селското стопанство","(3 * БЕЛ + 1 * МАТ) + (1 * М + 1 * ФА)","621070","Техник на селскостопанска техника","6210701","Трета степен","Не","Не","дневна","5 години","0.5","13","0","0","Руски език","без инт. и без разширено"
"180","ПЛОВДИВ","ПЪРВОМАЙ","ГР.ПЪРВОМАЙ","1602315","Професионална гимназия  по селско стопанство ""Васил Левски"", ГР.ПЪРВОМАЙ","5072","Агроекология РЕ","професионална","Агроекология","(3 * БЕЛ + 1 * МАТ) + (1 * БЗО + 1 * ХООС)","621140","Агроеколог","6211401","Трета степен","Не","Не","дневна","5 години","0.5","13","0","0","Руски език","без инт. и без разширено"
"181","ПЛОВДИВ","ПЪРВОМАЙ","ГР.ПЪРВОМАЙ","1602315","Професионална гимназия  по селско стопанство ""Васил Левски"", ГР.ПЪРВОМАЙ","5073","Производство на облекло от текстил РЕ","професионална","Производство на облекло от текстил","(3 * БЕЛ + 1 * МАТ) + (1 * БЕЛ + 1 * ИИ)","542050","Оператор в производството на облекло","5420501","Втора степен","Не","Да","дуална","5 години","0.5","13","0","0","Руски език","без инт. и без разширено"
"182","ПЛОВДИВ","ПЪРВОМАЙ","ГР.ПЪРВОМАЙ","1602315","Професионална гимназия  по селско стопанство ""Васил Левски"", ГР.ПЪРВОМАЙ","5075","Машини и съоръжения за ХХВП РЕ","професионална","Машини и съоръжения за химическата и хранително-вкусовата промишленост","(3 * БЕЛ + 1 * МАТ) + (1 * ФА + 1 * ХООС)","521040","Машинен монтьор","5210415","Втора степен","Не","Да","дуална","5 години","0.5","13","0","0","Руски език","без инт. и без разширено"
"183","ПЛОВДИВ","ПЪРВОМАЙ","ГР.ПЪРВОМАЙ","1602314","Средно училище  ""Проф. д-р Асен Златаров"", ГР.ПЪРВОМАЙ","5066","Електронна търговия","професионална","Електронна търговия","(2 * БЕЛ + 2 * МАТ) + (1 * КМИТ + 1 * ЧЕз)","482040","Организатор Интернет приложения","4820401","Трета степен","Не","Не","дневна","5 години","1","26","0","0","Английски език","интензивно"
"184","ПЛОВДИВ","ПЪРВОМАЙ","ГР.ПЪРВОМАЙ","1602314","Средно училище  ""Проф. д-р Асен Златаров"", ГР.ПЪРВОМАЙ","5068","Туристическа анимация","професионална","Туристическа анимация","(2 * БЕЛ + 2 * МАТ) + (1 * ГИ + 1 * ЧЕз)","812040","Аниматор в туризма","8120402","Трета степен","Не","Не","дневна","5 години","1","26","0","0","Английски език","интензивно"
"185","ПЛОВДИВ","ПЪРВОМАЙ","ГР.ПЪРВОМАЙ","1602314","Средно училище  ""Проф. д-р Асен Златаров"", ГР.ПЪРВОМАЙ","5070","Икономическо информационно осигуряване","професионална","Икономическо информационно осигуряване","(2 * БЕЛ + 2 * МАТ) + (1 * ГИ + 1 * КМИТ)","482020","Оператор информационно осигуряване","4820201","Втора степен","Не","Не","дневна","5 години","1","26","0","0","Английски език","без инт. и без разширено"
"186","ПЛОВДИВ","РАКОВСКИ","ГР.РАКОВСКИ","1602511","Професионална гимназия  ""Петър Парчевич"", ГР.РАКОВСКИ","1820","Икономическа информатика АЕ","професионална","Икономическа информатика","(2 * БЕЛ + 2 * МАТ) + (1 * ГИ + 1 * КМИТ)","482010","Икономист - информатик","4820101","Трета степен","Не","Не","дневна","5 години","0.5","13","0","0","Английски език","разширено"
"187","ПЛОВДИВ","РАКОВСКИ","ГР.РАКОВСКИ","1602511","Професионална гимназия  ""Петър Парчевич"", ГР.РАКОВСКИ","2217","Електрообзавеждане на транспортна техника","професионална","Електрообзавеждане на транспортна техника","(2 * БЕЛ + 2 * МАТ) + (1 * ФА + 1 * КМИТ)","522020","Електромонтьор","5220207","Втора степен","Не","Да","дневна","5 години","1","26","0","0","Английски език","без инт. и без разширено"
"188","ПЛОВДИВ","РАКОВСКИ","ГР.РАКОВСКИ","1602511","Професионална гимназия  ""Петър Парчевич"", ГР.РАКОВСКИ","2219","Производство на хляб, хлебни и сладкарски изделия","професионална","Производство на хляб, хлебни и сладкарски изделия","(2 * БЕЛ + 2 * МАТ) + (1 * БЗО + 1 * ХООС)","541010","Техник - технолог в хранително - вкусовата промишленост","5410102","Трета степен","Не","Не","дневна","5 години","1","26","0","0","Английски език","без инт. и без разширено"
"189","ПЛОВДИВ","РАКОВСКИ","ГР.РАКОВСКИ","1602511","Професионална гимназия  ""Петър Парчевич"", ГР.РАКОВСКИ","4754","Спедиция,транспортна и складова логистика","професионална","Спедиция, транспортна и складова логистика","(2 * БЕЛ + 2 * МАТ) + (1 * ГИ + 1 * КМИТ)","840110","Спедитор - логистик","8401101","Трета степен","Не","Да","дневна","5 години","0.5","13","0","0","Английски език","разширено"
"190","ПЛОВДИВ","РАКОВСКИ","С.БЕЛОЗЕМ","1602510","Професионална гимназия по селско стопанство, С.БЕЛОЗЕМ","4347","Механизация на селското стопанство","професионална","Механизация на селското стопанство","(2 * БЕЛ + 2 * МАТ) + (1 * ХООС + 1 * ИИ)","621070","Техник на селскостопанска техника","6210701","Трета степен","Не","Не","дневна","5 години","0.5","13","0","0","Английски език","без инт. и без разширено"
"191","ПЛОВДИВ","РАКОВСКИ","С.БЕЛОЗЕМ","1602510","Професионална гимназия по селско стопанство, С.БЕЛОЗЕМ","4920","Икономическа информатика","професионална","Икономическа информатика","(2 * БЕЛ + 2 * МАТ) + (1 * ХООС + 1 * ИИ)","482010","Икономист - информатик","4820101","Трета степен","Не","Не","дневна","5 години","0.5","13","0","0","Английски език","без инт. и без разширено"
"192","ПЛОВДИВ","РАКОВСКИ","С.БЕЛОЗЕМ","1602510","Професионална гимназия по селско стопанство, С.БЕЛОЗЕМ","4923","Технология в биопроизводствата","професионална","Технология в биопроизводствата","(2 * БЕЛ + 2 * МАТ) + (1 * ХООС + 1 * ИИ)","524020","Биотехнолог","5240201","Трета степен","Не","Да","дневна","5 години","1","26","0","0","Английски език","без инт. и без разширено"
"193","ПЛОВДИВ","САДОВО","ГР.САДОВО","1602810","Професионална селскостопанска гимназия ""Димитър Наумов"", ГР.САДОВО","2037","Механизация на селското стопанство, Техник на ССТ","професионална","Механизация на селското стопанство","(2 * БЕЛ + 2 * МАТ) + (1 * БЕЛ + 1 * М)","621070","Техник на селскостопанска техника","6210701","Трета степен","Не","Не","дневна","5 години","1","26","0","0","Английски език","без инт. и без разширено"
"194","ПЛОВДИВ","САДОВО","ГР.САДОВО","1602810","Професионална селскостопанска гимназия ""Димитър Наумов"", ГР.САДОВО","2047","Агроеколог","професионална","Агроекология","(2 * БЕЛ + 2 * МАТ) + (1 * БЕЛ + 1 * БЗО)","621140","Агроеколог","6211401","Трета степен","Не","Не","дуална","5 години","1","26","0","0","Английски език","без инт. и без разширено"
"195","ПЛОВДИВ","САДОВО","ГР.САДОВО","1602810","Професионална селскостопанска гимназия ""Димитър Наумов"", ГР.САДОВО","3889","Техник - растениевъд","професионална","Трайни насаждения","(2 * БЕЛ + 2 * МАТ) + (1 * БЕЛ + 1 * БЗО)","621010","Техник-растениевъд","6210103","Трета степен","Не","Да","дневна","5 години","1","26","0","0","Английски език","без инт. и без разширено"
"196","ПЛОВДИВ","СОПОТ","ГР.СОПОТ","1601363","Професионална гимназия  ""Генерал Владимир Заимов"", ГР.СОПОТ","1119","Системнo програмиране с разширено изучаване на АЕ","професионална","Системно програмиране","(2 * БЕЛ + 2 * МАТ) + (1 * М + 1 * КМИТ)","481020","Системен програмист","4810201","Трета степен","Не","Не","дневна","5 години","1","26","0","0","Английски език","разширено"
"197","ПЛОВДИВ","СОПОТ","ГР.СОПОТ","1601363","Професионална гимназия  ""Генерал Владимир Заимов"", ГР.СОПОТ","1132","Мехатроника с разширено изучаване на АЕ","професионална","Мехатроника","(2 * БЕЛ + 2 * МАТ) + (1 * КМИТ + 1 * ТП)","521140","Мехатроника","5211401","Трета степен","Не","Не","дуална","5 години","1","26","0","0","Английски език","разширено"
"198","ПЛОВДИВ","СОПОТ","ГР.СОПОТ","1601363","Професионална гимназия  ""Генерал Владимир Заимов"", ГР.СОПОТ","1139","Организация на туризма и свободното време с разширено изучаване на АЕ","професионална","Организация на туризма и свободното време","(2 * БЕЛ + 2 * МАТ) + (1 * КМИТ + 1 * ЧЕз)","812010","Организатор на туристическа агентска дейност","8120101","Трета степен","Не","Не","дневна","5 години","1","26","0","0","Английски език","разширено"
"199","ПЛОВДИВ","СОПОТ","ГР.СОПОТ","1601363","Професионална гимназия  ""Генерал Владимир Заимов"", ГР.СОПОТ","1144","Електронна търговия с разширено изучаване на АЕ","професионална","Електронна търговия","(2 * БЕЛ + 2 * МАТ) + (1 * КМИТ + 1 * ЧЕз)","482040","Организатор Интернет приложения","4820401","Трета степен","Не","Не","дневна","5 години","0.5","13","0","0","Английски език","разширено"
"200","ПЛОВДИВ","СОПОТ","ГР.СОПОТ","1601363","Професионална гимназия  ""Генерал Владимир Заимов"", ГР.СОПОТ","3606","Техник на компютърни системи с разширено изучаване на АЕ","професионална","Компютърна техника и технологии","(2 * БЕЛ + 2 * МАТ) + (1 * КМИТ + 1 * ТП)","523050","Техник на компютърни системи","5230501","Трета степен","Не","Не","дневна","5 години","0.5","13","0","0","Английски език","разширено"
"201","ПЛОВДИВ","СОПОТ","ГР.СОПОТ","1601363","Професионална гимназия  ""Генерал Владимир Заимов"", ГР.СОПОТ","3607","Дизайнер с разширено изучаване на АЕ","професионална","Рекламна графика","(2 * БЕЛ + 2 * МАТ) + (1 * ИИ + 1 * КМИТ)","214010","Дизайнер","2140112","Трета степен","Не","Не","дневна","5 години","1","26","0","0","Английски език","разширено"
"202","ПЛОВДИВ","СОПОТ","ГР.СОПОТ","1601363","Професионална гимназия  ""Генерал Владимир Заимов"", ГР.СОПОТ","3849","Производство на хляб, хлебни и сладкарски изделия без интензивно и без разширено изучаване на АЕ","професионална","Производство на хляб, хлебни и сладкарски изделия","(2 * БЕЛ + 2 * МАТ) + (1 * ИИ + 1 * ТП)","541010","Техник - технолог в хранително - вкусовата промишленост","5410102","Трета степен","Не","Не","дневна","5 години","0.5","13","0","0","Английски език","без инт. и без разширено"
"203","ПЛОВДИВ","СОПОТ","ГР.СОПОТ","1601363","Професионална гимназия  ""Генерал Владимир Заимов"", ГР.СОПОТ","3852","Кетъринг без интензивно и без разширено  изучаване на АЕ","професионална","Кетъринг","(2 * БЕЛ + 2 * МАТ) + (1 * ИИ + 1 * ТП)","811060","Ресторантьор","8110603","Трета степен","Не","Не","дневна","5 години","0.5","13","0","0","Английски език","без инт. и без разширено"
"204","ПЛОВДИВ","СОПОТ","ГР.СОПОТ","1601303","Средно училище  ""Иван Вазов"", ГР.СОПОТ","3842","Софтуерни и хардуерни науки","профилирана","Софтуерни и хардуерни науки","(2 * БЕЛ + 2 * МАТ) + (1 * БЕЛ + 1 * КМИТ)","","","80111","","Не","Не","дневна","5 години","1","26","0","0","Английски език","без инт. и без разширено"
"205","ПЛОВДИВ","СТАМБОЛИЙСКИ","ГР.СТАМБОЛИЙСКИ","1602904","Обединено училище ""Христо Ботев"" гр. Стамболийски, ГР.СТАМБОЛИЙСКИ","3694","Работник в производството на облекло","професионална","Производство на облекло","(2 * БЕЛ + 2 * МАТ) + (1 * БЕЛ + 1 * ТП)","542090","Работник в производство на облекло","5420901","Първа степен","Не","Не","дневна","3 години","0.5","13","0","0","Английски език","без инт. и без разширено"
"206","ПЛОВДИВ","СТАМБОЛИЙСКИ","ГР.СТАМБОЛИЙСКИ","1602904","Обединено училище ""Христо Ботев"" гр. Стамболийски, ГР.СТАМБОЛИЙСКИ","3695","Помощник в строителството","професионална","Основни и довършителни работи","(2 * БЕЛ + 2 * МАТ) + (1 * БЕЛ + 1 * ТП)","582080","Помощник в строителството","5820801","Първа степен","Не","Да","дневна","3 години","0.5","13","0","0","Английски език","без инт. и без разширено"
"207","ПЛОВДИВ","СТАМБОЛИЙСКИ","ГР.СТАМБОЛИЙСКИ","1602907","Средно училище Отец Паисий, ГР.СТАМБОЛИЙСКИ","1833","Предприемачески","профилирана","Предприемачески","(2 * БЕЛ + 2 * МАТ) + (1 * ГИ + 1 * КМИТ)","","","80171","","Не","Не","дневна","5 години","1","26","0","0","Английски език","без инт. и без разширено"
"208","ПЛОВДИВ","СЪЕДИНЕНИЕ","ГР.СЪЕДИНЕНИЕ","1603301","Средно училище ""Христо Ботев"", ГР.СЪЕДИНЕНИЕ","4915","Електронна търговия","професионална","Електронна търговия","(2 * БЕЛ + 2 * МАТ) + (1 * БЕЛ + 1 * КМИТ)","482040","Организатор Интернет приложения","4820401","Трета степен","Не","Не","дневна","5 години","1","26","0","0","Френски език","без инт. и без разширено"
"209","ПЛОВДИВ","ХИСАРЯ","ГР.ХИСАРЯ","1603708","Средно училище ""Христо Смирненски"", ГР.ХИСАРЯ","1859","Готвач","професионална","Производство на кулинарни изделия и напитки","(2 * БЕЛ + 2 * МАТ) + (1 * БЕЛ + 1 * М)","811070","Готвач","8110701","Втора степен","Не","Да","дневна","5 години","0.5","13","0","0","Английски език","без инт. и без разширено"
"210","ПЛОВДИВ","ХИСАРЯ","ГР.ХИСАРЯ","1603708","Средно училище ""Христо Смирненски"", ГР.ХИСАРЯ","3972","Хотелиер","професионална","Организация на хотелиерството","(2 * БЕЛ + 2 * МАТ) + (1 * БЕЛ + 1 * ЧЕз)","811010","Хотелиер","8110101","Трета степен","Не","Не","дневна","5 години","0.5","13","0","0","Английски език","разширено"
"211","ПЛОВДИВ","ХИСАРЯ","ГР.ХИСАРЯ","1603708","Средно училище ""Христо Смирненски"", ГР.ХИСАРЯ","3973","Спедитор-логистик","професионална","Спедиция, транспортна и складова логистика","(2 * БЕЛ + 2 * МАТ) + (1 * КМИТ + 1 * ЧЕз)","840110","Спедитор - логистик","8401101","Трета степен","Не","Да","дневна","5 години","1","26","0","0","Немски език","разширено"
"212","ПЛОВДИВ","ХИСАРЯ","С.КРАСНОВО","1603706","Обединено училище "" Христо Ботев "", С.КРАСНОВО","413","Работник в производството на кулинарни изделия в заведения","професионална","Работник в производството на кулинарни изделия в заведенията за хранене и развлечения","(2 * БЕЛ + 2 * МАТ) + (1 * БЕЛ + 1 * М)","811090","Работник в заведенията за хранене и развлечения","8110901","Първа степен","Не","Не","дневна","3 години","1","26","0","0","Английски език","без инт. и без разширено"
